title,url,source,summary,date,keyword,timestamp
"인공지능 시대, 현재와 미래 비전 제시!...제8회 'AI EXPO KOREA 2025’성료, 우리의 생활·산업과 비지니스에 대한 변화와 대응 모색""",https://www.aitimes.kr/news/articleView.html?idxno=34966,aitimes,"생성 인공지능(Generative AI) 넘어, 전 세계적인 'AI 에이젠트'와 'AI 인프라' 열기 속에 서울 삼성동 코엑스(COEX) A홀 전관(1층)에서 개최된 단일 AI 행사로서 아시아 최대인 '국제인공지능산업대전(이하, AI EXPO KOREA 2023)’이 지난 14일부터 16일까지 12개국 322개사 규모로 기업 및 기관이 참여하여 550여 부스 규모로 펼쳐진 이번 행사에서는 사흘동안 입추의 여지없이, 무려 43, 788명의 참관객이 찾아 역대 최대 규모를 경신하며, 인공지능의 모든 것, 한눈에 확인하고 체험할 수 있는",2025-05-20T05:51:00+09:00,AI,2025-05-19T21:54:43.759788+09:00
"한국인공지능협회, 이탈리아와 손잡고 글로벌 AI 협력",https://www.aitimes.kr/news/articleView.html?idxno=34977,aitimes,"한국인공지능협회(회장 김현철)가 인공지능(AI) 분야에서 이탈리아와의 글로벌 협력 확대를 위한 본격적인 행보에 돌입했다.협회는 지난 15일 서울 삼성동 코엑스에서 개최된 아시아 최대 규모의 인공지능 행사인 '제8회 국제인공지능대전(AI EXPO KOREA 2025)'에서 'AI Synerge Global Link' 세션을 개최했다. 이날 개회사에는 Emilia Gatto 주한 이탈리아 대사가 나서 한국과 이탈리아의 AI 기술 협력과 산업 발전 중요성을 강조하며 양국의 협력 의지를 밝혔다.Gatto 대사는 개회사를 통해 ""이번 행사를",2025-05-20T02:37:48+09:00,AI,2025-05-19T21:54:43.759788+09:00
"SKAI관계사 ‘SKAI인텔리전스’, 엔비디아 인셉션 프로그램 회원사로 공식 선정",https://www.aitimes.kr/news/articleView.html?idxno=34976,aitimes,"인공지능(AI) 기반 콘텐츠 솔루션 기업 스카이인텔리전스(SKAI Intelligence)가 엔비디아(NVIDIA)의 인셉션 프로그램 (Inception Program) 회원사로 공식 선정되었다고 19일 밝혔다. 스카이인텔리전스는 인공지능 테크 솔루션 기업 스카이월드와이드(SKAI, 357880) 의 관계사다.엔비디아 인셉션 프로그램은 AI, 데이터 과학, 고성능 컴퓨팅 분야의 차세대 혁신 스타트업을 선별해, GPU 최적화, 기술 컨설팅, 글로벌 네트워크 연계 등 폭넓은 기술적·비즈니스적 지원을 제공하는 대표적인 글로벌 이노베이션",2025-05-20T02:18:18+09:00,AI,2025-05-19T21:54:43.760788+09:00
"플리토, IBK기업은행 외국인 특화 점포에 ‘AI 다국어 통번역 시스템’ 공급",https://www.aitimes.kr/news/articleView.html?idxno=34975,aitimes,"인공지능(AI) 언어 데이터 전문 기업 플리토(대표 이정수, 300080)는 IBK기업은행 외국인 특화 점포에 AI 기술 기반한 다국어 통번역 시스템을 공급했다고 19일 밝혔다.이번에 도입된 솔루션은 ‘챗 트랜스레이션 엔터프라이즈(Chat Translation Enterprise)’로, IBK기업은행 외국인 특화 점포인 안산외국인금융센터 내 5개 상담 창구에서 최대 38개 언어를 실시간 지원한다.해당 솔루션은 금융권에서 사용하는 전문 용어는 물론 기업은행 전용 금융상품 등 고유명사에 대한 용어집 학습을 통해 언어별 음성 인식률을 개",2025-05-20T02:15:15+09:00,AI,2025-05-19T21:54:43.760788+09:00
"채널톡, 사내 업무 지원 AI ‘팀 알프’ 출시...""메시지 초안 작성, 대화 내용 요약, 번역 등 다양한 업무 보조""",https://www.aitimes.kr/news/articleView.html?idxno=34974,aitimes,"채널톡을 운영하는 (주)채널코퍼레이션(대표 최시원)이 사내 업무 보조용 AI ‘팀 알프’ 베타 서비스를 출시했다고 19일 밝혔다. 이로써 채널톡은 고객 문의를 응대하는 고객 알프뿐만 아니라 기업 고객을 위한 업무 보조용 팀 알프까지 갖추며, 인공지능 비즈니스 메신저로서의 완성도를 한층 높였다. 팀 알프는 GPT, 제미나이(Gemini) 모델 기반의 생성형 AI 에이전트다. 상담사가 팀 알프 화면 텍스트 입력창에 업무 관련 질문을 남기면, 팀 알프가 요청 사항을 직접 수행하거나 기업용 문서 관리 툴 ‘도큐먼트’, 팀 메신저 대화 내용",2025-05-20T02:12:19+09:00,AI,2025-05-19T21:54:43.763782+09:00
"엔비디아, 물리 AI 위한 클라우드-로봇 컴퓨팅 플랫폼으로 휴머노이드 로봇 산업 혁신",https://www.aitimes.kr/news/articleView.html?idxno=34973,aitimes,"엔비디아가 '엔비디아 아이작(NVIDIA Isaac) GR00T N1.5'를 18일(현지시간) 출시했다. 이는 엔비디아의 일반화되고 완전히 맞춤화 가능한 개방형 파운데이션 모델의 첫 번째 업데이트이며, 휴머노이드 추론과 기능을 지원한다.여기에는 합성 모션 데이터 생성을 위한 블루프린트(blueprint)인 엔비디아 아이작 GR00T-드림스(Dreams)와 휴머노이드 로봇 개발을 가속화하는 엔비디아 블랙웰(Blackwell) 시스템이 포함된다.휴머노이드와 로보틱스 개발사인 어질리티 로보틱스(Agility Robotics), 보스턴 다",2025-05-20T01:38:31+09:00,AI,2025-05-19T21:54:43.765782+09:00
"연세대 융합기술원 박성수 교수의 10년...“양자기술, 믿음이 산업이 되기까지의 여정”",https://www.aitimes.kr/news/articleView.html?idxno=34972,aitimes,"양자컴퓨팅은 특정 유형의 문제를 기존 슈퍼컴퓨터보다 훨씬 빠르게 해결할 수 있는 잠재력을 가지고 있다. 이는 신약 개발을 위한 복잡한 분자 구조 시뮬레이션, 신소재 설계, 금융 모델링 최적화, 기후 변화 예측 등 과학 및 산업계의 오랜 난제 해결에 핵심적인 역할을 할 것으로 기대된다. 특히, 양자 컴퓨팅은 인공지능(AI) 및 머신러닝 분야에서도 데이터 처리 및 학습 속도를 비약적으로 향상시켜 새로운 가능성을 열어줄 것으로 전망된다.궁극적으로 양자기술은 우리가 불가능하다고 여겼던 문제들을 해결하며 과학적 발견과 기술 혁신을 가속화하는",2025-05-19T21:27:21+09:00,AI,2025-05-19T21:54:43.765782+09:00
"퀄컴 ""스냅드래곤 PC 성장중... 4년 뒤 40억 달러 매출 목표""",https://zdnet.co.kr/view/?no=20250519212423,zdnet,"[지디넷코리아][타이베이(대만)=권봉석 기자] 퀄컴이 지난 해 6월 정식 출시한 AI PC용 스냅드래곤 X 엘리트, 플러스 등 SoC(시스템반도체) 3종은 출시 이후 꾸준히 성장중이다.19일 오후(이하 현지시간) 대만 타이베이 난강전람관에서 각국 기자단과 진행한 질의응답에서 크리스티아노 아몬 퀄컴 CEO는 ""비 핸드셋 부문에서 2029년까지 40억 달러(약 5조 5천980억원) 매출을 올리는 것이 목표""라고 설명했다.이어 ""미국과 유럽 AI PC 시장에서 9-10%의 점유율을 확보했으며 이런 추세가 지속된다면 2029년까지 목표는 충분히 달성할 수 있을 것""이라고 설명했다.퀄컴은 2022년 '스냅드래곤 서밋' 행사 당시 ""오라이온 CPU는 다양한 곳에 쓰일 수 있는 IP이며 모바일부터 XR, 컴퓨트까지 여러 카테고리 플랫폼으로 확장될 것""이라고 설명한 바 있다.크리스티아노 아몬 CEO는 이날 기조연설 말미에 등장한 데이터센터 시장 진출 관련 질문에 ""엔비디아의 AI 관련 맞춤형 프로세서 생태계에 퀄컴 CPU가 포함됐다""고 말했다.이날 오전 젠슨 황 엔비디아 CEO는 기조연설에서 자사 반도체 IP와 타사 IP를 결합할 수 있는 기술인 'NV링크 퓨전'을 공개한 바 있다. 기조연설에 등장한 슬라이드에도 퀄컴 이름과 로고가 노출됐다.크리스티아노 아몬 CEO는 ""데이터센터 시장은 앞으로도 지속 성장할 것으로 보이며, 고성능·저전력 CPU IP를 다양한 방식으로 적용할 수 있는 유연한 제품 로드맵을 준비 중”이라고 설명했다. 다만 구체적인 로드맵에 대해서는 말을 아꼈다.샤오미는 최근 자체 개발한 스마트폰용 SoC인 '쉬안제(XRing) O1' 탑재 스마트폰을 이달 말부터 자국 시장에 공급 예정이다. 쉬안제 01은 2021년부터 3년간 개발을 시작해 최근 완성됐고 2022년 퀄컴이 출시한 스냅드래곤8 2세대와 비슷한 수준의 성능을 내는 것으로 알려져 있다.향후 샤오미와 퀄컴의 관계를 묻는 질문에 그는 ""샤오미가 독자적인 SoC 개발을 모색하고 있지만 여전히 최상위 제품에는 퀄컴 제품이 탑재된다""고 설명했다.이어 ""삼성전자는 2G 휴대전화 시절부터 자체 개발 반도체를 만들어왔지만 삼성전자와 관계는 여전히 원만하다. 샤오미와 퀄컴의 관계 역시 경쟁보다는 공존에 가깝다""고 부연했다.퀄컴은 오라이온(Oryon) CPU에 포함된 Arm IP(지적재산권)과 관련해 2022년 하반기부터 법적 분쟁을 이어왔지만 지난 해 말 판정승을 거뒀다.미국 델라웨어 주 연방법원에서 진행된 소송에서 8인 배심원단은 ""퀄컴이 누비아 지적재산권(IP) 인수 과정에서 Arm 라이선스 계약을 침해하지 않았다""고 평결했다.크리스티아노 아몬 CEO는 ""퀄컴은 Arm의 ISA(명령어 세트) 사용에 대해 완전한 라이선스를 보유하고 있으며, 오라이온 CPU 역시 Arm 아키텍처 기반으로 개발중이다. Arm의 일방적인 라이선스 종료 요청도 철회됐다""고 밝혔다.이어 ""법원에서도 퀄컴의 주장이 받아들여졌다. 퀄컴이 Arm을 상대로 시작한 반소는 여전히 진행중이며 내년 초부터 시작 예정""이라고 설명했다.퀄컴은 지난 2월 산업용 기기와 IoT, 셀룰러 인프라 솔루션 등을 겨냥한 새로운 브랜드 '드래곤윙'(Dragonwing)을 공개했다. 스마트폰과 PC를 통해 널리 알려진 '스냅드래곤'과 '드래곤윙'의 차이를 묻는 질문에 그는 이렇게 답했다.""사람과 직접 상호작용하는 스마트폰, PC, 웨어러블, 자동차 인포테인먼트 시스템 등은 '스냅드래곤'으로, 산업용, 로봇, 엣지 디바이스 등은 '드래곤윙' 브랜드를 적용한다.""크리스티아노 아몬 CEO는 ""스냅드래곤은 사용자와 직접 연결된 경험을 중심으로, 드래곤윙은 기계와 산업용 컴퓨팅 중심으로 확장되고 있다”며 “AI는 기기를 넘나드는 사용자 경험을 만들어내며 OS, 앱스토어, SaaS 개념 자체를 재정의하고 있다”고 설명했다.",2025-05-19T21:24:47+09:00,AI,2025-05-19T21:54:36.470479+09:00
"“카메라 없잖아, 밟아도 돼”...보는 눈 없다고 달린 당신, 거기 딱 서세요",https://www.mk.co.kr/news/society/11321189,mk_tech,경찰 암행순찰차 동행 취재“과속하셨습니다. 따라오세요.” 19일 오후 3시께 서울 내부순환로 일대를 달리던 검은색 제네시스 차량이 경고음과 함께 지시를 쏟아냈다. 지시는 앞서 달리..,2025-05-19T21:12:06+09:00,AI,2025-05-19T21:54:58.378804+09:00
"퀄컴 ""올해 창립 40주년...  AI PC·서버로 도약""",https://zdnet.co.kr/view/?no=20250519202455,zdnet,"[지디넷코리아][타이베이(대만)=권봉석 기자] ""올해는 1985년에 설립된 퀄컴이 40주년을 맞는 해다. 2G 휴대전화로 시작해 연결성과 컴퓨팅, AI로 지난 40년 간 지속적으로 거듭났다.""19일 오후(이하 현지시간) 대만 타이베이 난강전람관 진행된 기조연설에서 크리스티아노 아몬 퀄컴 CEO가 이렇게 설명했다.그는 ""자신은 1995년 퀄컴 합류 이후 30년간 함께 했지만 40년 전 퀄컴과 현재의 퀄컴은 완전히 다른 회사다. 현재 퀄컴은 AI를 통한 변화를 이끄는 '새로운 퀄컴'(New Qualcomm)""이라고 강조했다.퀄컴은 지난 해 6월 자체 개발한 오라이온(Oryon) CPU를 탑재한 PC용 시스템반도체(SoC)인 스냅드래곤 X 엘리트를 시작으로 총 3개 제품을 시장에 투입했다. 레노버, 델테크놀로지스, HP 등 글로벌 제조사가 이를 탑재한 제품을 현재까지 85개 이상 출시했다.크리스티아노 아몬 CEO는 ""스냅드래곤 기반 AI PC는 윈도 PC에서 성능 리더십을 되찾겠다는 목표 아래 긴 배터리 작동시간과 NPU를 활용해 뛰어난 성능을 내세웠다. 현재 미국과 유럽 시장에서 9% 가량의 점유율을 확보해 새로운 경쟁자로 부상했다""고 소개했다.이날 글로벌 제조사 중 한 곳인 HP는 스냅드래곤 X 기반 새 PC인 옴니북5를 공개했다. 알렉스 조(Alex Cho) HP 퍼스널시스템 총괄사장은 ""기업용 보급형 제품에 2K 해상도 OLED 디스플레이 뿐만 아니라 AI를 보급하기 위한 제품""이라고 설명했다.AI PC, 특히 x86 기반 프로세서를 공급하는 경쟁사인 인텔과 AMD 대비 퀄컴의 가장 큰 약점으로 꼽히는 것은 게임 성능과 호환성 문제다.크리스티아노 아몬 CEO는 스냅드래곤 시리즈의 가장 큰 약점으로 꼽히던 게임 부분에 대해 ""현재 게임 '포트나이트'를 스냅드래곤에 최적화하기 위해 노력중이며 부정행위(치트)를 막는 소프트웨어의 호환성을 높이기 위해 에픽게임스와 협력하고 있다""고 설명했다.이어 ""어도비는 영상 편집 프로그램인 '어도비 프리미어'에 스냅드래곤 X 탑재 NPU를 활용해 CPU 대비 보다 적은 전력소모로 장면 자동 분할, 정리 등을 구현하기 위해 퀄컴과 협력하고 있다""고 덧붙였다.퀄컴은 지난 해 말부터 데이터센터 칩 개발에 참여할 보안 관련 인력 채용에 이어 인텔 서버용 프로세서 '제온' 개발에 참여한 전문가를 영입하는 등 서버 시장 진출 의사를 드러냈다.이날 퀄컴은 2022년부터 자체 개발을 선언한 오라이온 CPU를 PC와 스마트폰을 시작으로 서버 시장까지 확대하겠다는 계획을 공식화했다. 단 인텔이나 AMD 등 기존 서버용 프로세서 제조사와 달리 CPU 이외의 다른 부분은 타사와 협력할 것으로 보인다.크리스티아노 아몬 퀄컴 CEO는 ""퀄컴은 AI 시대에 적합한 저전력·고성능 CPU IP를 가지고 있으며 이날(19일) 오전 엔비디아 발표를 본 것처럼 CPU 중요성이 높아지고 있다""고 설명했다.실제로 엔비디아는 19일 오전 진행한 컴퓨텍스 기조연설에서 자사 반도체 IP와 타사 IP를 결합할 수 있는 기술인 'NV링크 퓨전'을 공개한 바 있다. 기조연설에 등장한 슬라이드에도 퀄컴 이름과 로고가 노출됐다.이날 크리스티아노 아몬 퀄컴 CEO는 ""오는 9월 하순 미국 하와이에서 진행할 연례 기술 행사 '스냅드래곤 서밋 2025' 등에서 차세대 고성능 CPU를 발표할 것""이라고 설명했다. 데이터센터용 프로세서 제품군 관련 구체적인 제품과 출시 일정은 '곧 발표할 것'이라며 말을 아꼈다.",2025-05-19T20:29:19+09:00,AI,2025-05-19T21:54:36.475474+09:00
"""깊은 잠"" 2배 늘렸다...에이슬립-경동나비엔, AI가 자동 온도 조절하는 매트 사계절 효과성 증명",https://www.aitimes.kr/news/articleView.html?idxno=34971,aitimes,"슬립테크 스타트업 에이슬립은 경동나비엔이 최근 출시한 '나비엔 숙면매트 사계절'에 에이슬립이 개발한 AI 기반 수면 단계 인식에 기반한 온도제어 알고리즘이 적용됐다고 19일 밝혔다.이 기술은 사용자의 숨소리를 모니터링해 수면 단계를 분석하고 각 단계에 맞춰 매트 온도를 자동으로 조절하는 맞춤형 숙면 솔루션으로, 별도의 센서나 착용 기기 없이 스마트폰만으로 구현되는 것이 특징이다.에이슬립은 세계 최고 수준의 AI 수면 진단·분석 기술력을 보유한 것으로 평가받고 있으며, 경동나비엔은 해당 기술을 신제품 '나비엔 숙면매트 사계절'에 적용",2025-05-19T20:23:34+09:00,AI,2025-05-19T21:54:43.766780+09:00
"셀바스AI, ‘AI EXPO KOREA 2025’서 산업형 AI 에이전트 전략 발표… “핵심은 연결성과 설계”",https://www.aitimes.kr/news/articleView.html?idxno=34970,aitimes,"인공지능 전문기업 셀바스AI(대표 곽민철)가 지난 16일 서울 삼성동 코엑스에서 열린 ‘AI EXPO 2025’의 공식 컨퍼런스 프로그램 ‘AI SUMMIT KOREA’에서 산업형 AI 에이전트의 성공적인 도입을 위한 전략을 발표했다고 19일 밝혔다.이날 셀바스AI는 ‘고성능 AI 기반기술이 여는 생성형 AI와 맞춤형 AI Agent의 미래’를 주제로 발표를 진행하고, 기업 환경에 최적화된 AI 에이전트 구현을 위한 구체적인 방향성을 공유했다.발표는 김경채 셀바스AI 마케팅전략 매니저가 맡아 진행됐으며, 실제 산업환경에 적용 가능한",2025-05-19T20:01:37+09:00,AI,2025-05-19T21:54:43.766780+09:00
"AI 활용해 학교∙교사 중심 맞춤형 디지털 전환...엘리스그룹, ‘2025 찾아가는 학교 컨설팅’ 운영기관 선정",https://www.aitimes.kr/news/articleView.html?idxno=34969,aitimes,"인공지능 교육 솔루션 기업 엘리스그룹(대표 김재원)이 교육부와 한국과학창의재단이 주관하는 ‘2025 찾아가는 학교 컨설팅’ 사업의 전국형 운영 주관기관으로 선정됐다고 19일 밝혔다.찾아가는 학교 컨설팅 사업은 디지털 기반 교육 전환 과정에서 교사와 학교가 겪는 어려움을 줄이고, 디지털 문화가 학교에 자리 잡을 수 있도록 지원하는 방문 컨설팅 사업이다.엘리스그룹은 주식회사 레드포인트, 부산교육대학교 산학협력단과 컨소시엄으로 이번 사업을 운영한다. 올해 12월까지 서울, 인천, 제주, 영남, 호남 지역의 130개 학교에서 디지털 기반",2025-05-19T19:19:14+09:00,AI,2025-05-19T21:54:43.768779+09:00
"인텔 코어 울트라 시리즈 2 프로세서, CPU·GPU·NPU 기반 AI 컴퓨팅에서 업계 최고 수준의 성능 입증",https://www.aitimes.kr/news/articleView.html?idxno=34968,aitimes,"인텔은 새롭게 공개된 MLPerf Client v0.6 벤치마크에서 완전한 신경처리장치(NPU) 지원을 달성한 유일한 기업으로 평가받았다고 발표했다. 이번 발표는 대형언어모델(LLM)에서 클라이언트 NPU 성능을 측정한 업계 최초이자 표준화된 평가 사례다.MLPerf Client v0.6 결과에 따르면, 인텔 코어 Ultra 시리즈 2(Intel® Core™ Ultra Series 2) 프로세서는 GPU와 NPU 모두에서 일반적인 사람이 읽는 속도보다 훨씬 빠르게 출력 결과를 생성할 수 있다.다니엘 로저스(Daniel Rogers)",2025-05-19T19:04:59+09:00,AI,2025-05-19T21:54:43.769779+09:00
"中 전기차 상륙...""파란 일으킬 무기는 가격·성능""",https://it.donga.com/106966/,itdonga,"<p>
 [IT동아 김동진 기자] 중국 전기차가 국내 자동차 시장에서 점유율을 점차 높이고 있다. 올 초 승용브랜드를 공식 출범한 중국 최대 전기차 브랜드 비야디(BYD) 모델이 당초 예상보다 높은 판매고를 기록한 덕분이다. BYD가 국내 시장에서 가능성을 확인하자, 지커(Zeeker) 등 전기차 제조사가 속속 국내 시장 진출을 추진, 중국 전기차의 국내 시장 진출과 잠식이 본격적으로 시작됐다는 평가가 나온다.
</p>
<p>
 <figure>
  <img alt=""BYD 승용 브랜드 론칭 현장에 전시된 중형 전기 세단 ‘BYD 씰’, 준중형 전기 SUV ‘BYD 아토 3’, 중형 전기 SUV ‘BYD 씨라이언 7’의 모습 / 출처=BYD코리아"" src=""https://it.donga.com/media/__sized__/images/2025/5/19/c46b4b49d4d54d4f-thumbnail-1920x1080-70.jpg"" />
  <figcaption>
   BYD 승용 브랜드 론칭 현장에 전시된 중형 전기 세단 ‘BYD 씰’, 준중형 전기 SUV ‘BYD 아토 3’, 중형 전기 SUV ‘BYD 씨라이언 7’의 모습 / 출처=BYD코리아
  </figcaption>
 </figure>
</p>
<p>
 <strong>
  ‘BYD 아토3’ 수입전기차 단일 모델 기준 판매 1위 기록하며 돌풍
 </strong>
</p>
<p>
 한국수입차협회(KAIDA)에 따르면, 지난달 BYD의 소형 전기 SUV, ‘아토 3’가 국내 시장에서 총 543대 판매됐다. 수입차 모델별 판매 순위로 봤을 때 7위이지만 기준을 수입 전기차 단일 모델로 좁히면 판매량 1위에 해당하는 수치다.
</p>
<p>
 BYD 아토 3는 2022년 출시 이래 전 세계 시장에서 100만 대 이상 판매된 차량으로, BYD를 대표하는 B-세그먼트(소형) 순수 전기 SUV다. 지난 1월 출시와 함께 진행한 사전 계약에서 일주일 만에 1000대 계약을 돌파하며 화제를 모았지만 출고 지연이 이어지면서 소비자 불편을 야기하기도 했다. 이후 지난 4월 14일부터 정식 출고를 시작, 17일간 543대를 판매해 전기차 단일 모델 기준 월간 판매량 1위를 기록했다.
</p>
<p>
 BYD 아토 3 인기의 배경은 가격 대비 뛰어난 성능이다. 아토 3는 최고출력 150kW(약 201마력) 최대토크 310Nm의 성능을 발휘한다. 정지 상태에서 시속 100km까지 도달하는 데 걸리는 시간은 7.3초, 최고속도는 시속 160km다. 전비는 1km당 4.7kWh다. 전장(자동차 길이)은 4455㎜, 전폭(자동차 폭)은 1875㎜, 전고(자동차 높이)는 1615㎜, 축거(자동차 앞바퀴 중심에서 뒷바퀴 중심까지 거리)는 2720㎜다.
</p>
<p>
 <figure>
  <img alt=""BYD 아토 3 측면부 / 출처=BYD코리아"" src=""https://it.donga.com/media/__sized__/images/2025/5/19/adc1a51ca8104a9b-thumbnail-1920x1080-70.jpg"" />
  <figcaption>
   BYD 아토 3 측면부 / 출처=BYD코리아
  </figcaption>
 </figure>
</p>
<p>
 현대차 코나 일렉트릭이나 기아 EV3 등 라이벌 모델과 비슷한 최고출력을 지녔으며, 전장과 전폭, 전고, 축거 등 차체는 경쟁 차종보다 더 크다. 그러면서도 가격은 더 저렴하다.
</p>
<p>
 아토 3는 2가지 트림으로 운영되며, 권장 소비자 가격은 ▲ BYD 아토 3가 3150만 원 ▲ BYD 아토 3 플러스가 3330만 원이다(전기차 구매보조금 및 세제혜택 적용 전 기준). 여기에 정부와 지방자치단체 보조금을 적용하면, 2000만 원대 구매가 가능한 지역도 있다.
</p>
<p>
 아토 3에는 고급 옵션으로 꼽히는 안전·편의사양도 다수 기본 적용됐다. 어댑티브 크루즈 컨트롤(ACC, Adaptive Cruise Control)과 3D 서라운드 뷰(3D Surround View), V2L(Vehicle-to-Load)과 같은 기능이다.
</p>
<p>
 <figure>
  <img alt=""BYD 아토 3 후면부 / 출처=BYD코리아"" src=""https://it.donga.com/media/__sized__/images/2025/5/19/87b1cff1dfa04079-thumbnail-1920x1080-70.jpg"" />
  <figcaption>
   BYD 아토 3 후면부 / 출처=BYD코리아
  </figcaption>
 </figure>
</p>
<p>
 어댑티브 크루즈 컨트롤은 전방 레이더와 카메라를 사용해 앞차와의 거리와 상대 속도를 계산, 차량 간 적당한 거리를 유지하는 방식으로 작동하는 기술이다. 앞차와의 거리가 가까워질 경우 브레이크 페달을 능동적으로 제어해 적정거리를 유지하며 운전자를 지원한다.
</p>
<p>
 내부에서 디스플레이를 통해 차량의 전·후방, 좌·우측 등 주변 이미지를 360도로 보여줘 주행과 주차 편의를 높이는 3D 서라운드 뷰 모니터도 아토 3 모든 트림에 기본 적용됐다.
</p>
<p>
 <figure>
  <img alt=""BYD 아토 3 실내 / 출처=BYD코리아"" src=""https://it.donga.com/media/__sized__/images/2025/5/19/ad7f36e41f0d4dbc-thumbnail-1920x1080-70.jpg"" />
  <figcaption>
   BYD 아토 3 실내 / 출처=BYD코리아
  </figcaption>
 </figure>
</p>
<p>
 차량 배터리에 있는 전기를 외부 필요한 장치에 공급하는 기능인 V2L도 아토 3에 기본 장착됐다. V2L 기능은 차량을 캠핑이나 야외 활동, 혹은 비상 상황 등 다양한 영역에서 유용한 전력 공급원으로 활용하도록 돕는다.
</p>
<p>
 이 밖에도 휴대폰 무선 충전, 디지털 키, 전동 시트, 열선 스티어링 휠, 앞좌석 열선시트, 음성 제어, 티맵 내비게이션, 전 좌석 원터치 파워 윈도우 등의 편의사양이 기본 적용됐다. 아토 3에는 60.48kWh 블레이드 LFP 배터리가 적용됐으며, 환경부 인증 기준 1회 충전 주행거리는 321km(복합 기준)다. 급속 충전 시 20%에서 80%까지 약 30분 만에 충전할 수 있다.
</p>
<p>
 BYD는 중국 배터리에 대한 국내 소비자의 불신을 잠재우기 위해 ▲기본 차량 보증 6년 또는 15만km ▲배터리 보증 8년 또는 16만km ▲무상 점검 총 4회 제공 ▲6년간 긴급 출동 및 견인 무상 제공 등의 보증 정책도 내놨다.
</p>
<p>
 가격 대비 뛰어난 성능과 편의성에 더해 배터리 불안을 잠재울 보증 정책까지 내놓자 소비자가 반응했다. 현재 아토3의 계약 물량은 2000대를 넘어선 것으로 알려졌다. BYD는 오는 7월에는 중형 전기 세단 ‘씰’을, 하반기에는 중형 전기 SUV인 ‘씨라이언 7’을 국내에 선보이며 기세를 이어갈 방침이다.
</p>
<p>
 <strong>
  지커코리아, 신임 대표 선임하며 국내 시장 진출 박차…다른 중국 브랜드도 진출 가능성 타진 중
 </strong>
</p>
<p>
 BYD가 수입 전기차 시장 잠식을 시작하자, 중국 지리자동차 산하 고급 전기차 브랜드 지커(Zeekr)도 국내 법인을 설립하며 시장 진출을 추진한다.
</p>
<p>
 지커는 최근 국내에서 판매와 서비스를 담당할 딜러사 선정을 마치고, 임현기 아우디코리아 전 사장을 지커코리아 신임 대표로 선임한 것으로 알려졌다. 그는 수입차 최초의 여성 CEO로서 아우디코리아를 이끌었으며, 중국에서 아우디 딜러 네트워크 관리를 총괄한 경험이 있는 인물이다.
</p>
<p>
 지커는 가성비 전략을 앞세운 BYD와 달리 고급 전기차를 출시해 승부수를 띄울 전망이다. 최근 중형 SUV ‘7X’의 상표를 출원, 국내 출시 첫 모델로 앞세울 전망이다. 7X 사륜구동 모델의 경우 639마력의 성능을 바탕으로 정지상태에서 시속 100km까지 3.8초 만에 도달할 수 있다. 7X 사륜구동 가격은 약 1억 원에 달한다.
</p>
<p>
 <figure>
  <img alt=""지커 7X / 출처=지커 홈페이지"" src=""https://it.donga.com/media/__sized__/images/2025/5/19/c3a6785cdda3465a-thumbnail-1920x1080-70.jpg"" />
  <figcaption>
   지커 7X / 출처=지커 홈페이지
  </figcaption>
 </figure>
</p>
<p>
 지커도 BYD와 마찬가지로 글로벌 시장에서 상품성을 인정받는 브랜드로 지난해 글로벌 시장을 대상으로 22만 대 이상의 판매고를 올렸다.
</p>
<p>
 김필수 교수 “지커는 BYD와 달리 1억 원에 육박하는 고급 전기차를 판매하는 브랜드다. 이런 브랜드가 국내 진출을 추진한다는 것은 이미 시장 분석이 끝났다는 뜻이기도 하다”며 “중국 브랜드가 국내 시장에 앞다퉈 진출하는 것은 국제 정세와도 맞물린 결과다. 최근 미국이나 유럽이 자국 우선주의를 앞세워 관세 정책을 펼치는데, 중국 입장에서는 관세를 피할 우회지가 필요하다. 국내 시장 소비자는 품질에 까다롭기로 유명한데 이곳에서 흥행에 성공하면 곧 해외 판매에도 문제가 없다는 인식을 얻을 수 있다는 계산도 깔려 있을 것”이라고 말했다.
</p>
<p>
 그는 이어 “상황이 이렇다 보니, BYD와 지커에 이어 샤오미, 샤오펑 등 중국 브랜드가 연이어 국내 진출 가능성을 앞다퉈 타진 중이다. 이런 상황에서 국내 기업이 중국 모델에 맞설 저가 전기차를 내놓지 못하면서 경쟁에서 뒤처질 수 있다는 우려가 업계에서 나온다”며 “자동차 업계 최후의 보루로 꼽히는 승용차 시장에서 2000만 원대 저가 차량부터 차근차근 소비자 저변을 확대하는 중국의 전략이 매섭다. 국내 전기차 시장 잠식이 이미 시작됐다고 평가할 수 있는 상황이다. 산학연관이 똘똘 뭉쳐 중국 전기차를 따돌릴 기술 개발과 차별화 전략을 도출해야 할 중요한 시점”이라고 강조했다.
</p>
<p>
 IT동아 김동진 기자 (kdj@itdonga.com)
</p>",2025-05-19T19:01:45+09:00,AI,2025-05-19T21:54:50.968395+09:00
"[컴퓨텍스 2025] ""인공지능 공장 시대"" 외친 엔비디아 블랙웰 제품군의 개념은?",https://it.donga.com/106967/,itdonga,"<p>
 <figure>
  <img alt=""젠슨 황 엔비디아 CEO가 컴퓨텍스 2025 기조연설을 진행하고 있다 / 출처=엔비디아"" src=""https://it.donga.com/media/__sized__/images/2025/5/19/a5c4f9b1bc404620-thumbnail-1920x1080-70.jpg"" />
  <figcaption>
   젠슨 황 엔비디아 CEO가 컴퓨텍스 2025 기조연설을 진행하고 있다 / 출처=엔비디아
  </figcaption>
 </figure>
</p>
<p>
 [IT동아 강형석 기자] 2025년 5월 19일, 엔비디아는 대만 타이베이에서 개최되는 컴퓨텍스 2025 기조연설을 진행했다. 젠슨 황(Jensen Huang) 엔비디아 최고경영자(CEO)는 연단에 올라 데이터 센터와 인공지능, 다양한 블랙웰 플랫폼을 공개했다. 데이터 센터 외에도 중소기업, 개인 개발자 시장을 적극 공략함으로써 시장 영향력을 확대할 것으로 예상된다.
</p>
<h3>
 이제 인공지능 데이터 센터가 아니라 ‘인공지능 공장’
</h3>
<p>
 “새로운 애플리케이션은 수많은 프로세서가 함께 작동하며 수백만 명 이상 사용자에게 결과를 제공해야 됩니다. 이제 데이터 센터는 근본적으로 다른 아키텍처로 설계되어야 합니다. 이제 데이터 센터는 컴퓨팅의 단위가 되었고 더 이상 단순한 컴퓨터, 서버가 아닙니다. 정보, 저장장치를 제공하고 모든 기업 자원 관리(ERP – Enterprise Resource Planning) 시스템과 직원을 지원하는 1조 달러 규모의 산업입니다.”
</p>
<p>
 젠슨 황 CEO는 지금의 데이터 센터는 단순한 시설이 아니라 인공지능 공장(AI Factory)라는 점을 강조했다. 전 세계 산업과 기업에 인공지능이 필수인 상황에서 데이터 센터 구축에 필요한 인프라(시설) 확보가 필수라는 점을 강조하기 위함으로 풀이된다. 여기서 인프라는 데이터 센터 설립 부지부터 전력, 네트워크 시설, 컴퓨팅 장비 등이 포함된다.
</p>
<p>
 <figure>
  <img alt=""쿠다-엑스 라이브러리는 다양한 산업에 적용되고 있다 / 출처=엔비디아"" src=""https://it.donga.com/media/__sized__/images/2025/5/19/981b391d8dbb4b58-thumbnail-1920x1080-70.jpg"" />
  <figcaption>
   쿠다-엑스 라이브러리는 다양한 산업에 적용되고 있다 / 출처=엔비디아
  </figcaption>
 </figure>
</p>
<p>
 인공지능 공장은 에너지(전력)를 인가할 경우 큰 가치를 생산한다는 게 젠슨 황 CEO의 설명이다. 인공지능 학습에 따른 데이터는 ▲학술 논문 분석 ▲사진영상 생성 ▲생명공학 ▲자연현상 ▲물리연산 등 다양하다. 인공지능 학습 데이터들은 ‘토큰’으로 전환되어 기업의 자산이 된다.
</p>
<p>
 기업이 데이터 센터(인공지능 공장)를 구축하고 인공지능 학습, 추론 환경을 구축하려면 최적의 소프트웨어 개발 묶음(라이브러리)이 필요하다. 엔비디아는 쿠다-엑스(CUDA-X) 라이브러리로 엔비디아 그래픽 처리장치(GPU)의 자원을 최대한 활용할 수 있다는 점을 강조한다.
</p>
<p>
 쿠다-엑스 라이브러리는 13종이다. 반도체 설계, 물리학, 양자 컴퓨팅, 의학 분석, 우주ㆍ지구 분석, 5Gㆍ6G 신호 처리 분석 등 산업 모든 분야에 걸쳐 있다. 엔비디아 쿠다-엑스 라이브러리는 약간의 명령어(코드)를 개발 도구에 연결함으로써 인공지능 분석 속도를 높인다는 점을 강점으로 꼽았다.
</p>
<p>
 젠슨 황 CEO는 전 세계 클라우드 데이터 센터가 소프트웨어로 정의된 것처럼 통신 분야도 소프트웨어로 정의해야 된다고 언급했다. 엔비디아는 완전 가속 무선 접속망을 개발하고 최적화하는 데 6년을 보냈으며 효율성, 성능 측면에서 전용 반도체(ASIC) 수준의 성능을 낸다는 점도 덧붙였다. 통신 데이터 처리 과정에 인공지능을 붙여도 될 수준에 이르렀다는 이야기다.
</p>
<p>
 <figure>
  <img alt=""엔비디아는 양자 컴퓨팅의 부족한 부분을 그래픽 처리장치로 보완하는 방법을 제안했다 / 출처=엔비디아"" src=""https://it.donga.com/media/__sized__/images/2025/5/19/67d195bd109240a3-thumbnail-1920x1080-70.jpg"" />
  <figcaption>
   엔비디아는 양자 컴퓨팅의 부족한 부분을 그래픽 처리장치로 보완하는 방법을 제안했다 / 출처=엔비디아
  </figcaption>
 </figure>
</p>
<p>
 통신에 인공지능 개념을 도입할 수 있었던 이유로 양자 컴퓨팅이 언급됐다. 아직 노이즈가 많은 니스크(NISQ – Noisy Intermediate-Scale Quantum) 단계의 중간 규모 양자 컴퓨팅이지만 응용 분야는 많다. 엔비디아는 양자 컴퓨팅과 연계 가능한 쿠다-큐(CUDA-Q) 라이브러리를 개발 중이며, 양자 컴퓨팅 기업과 협력할 방침이다.
</p>
<p>
 양자 컴퓨팅 성능은 그래픽 처리장치 대비 우위에 있다. 하지만 두 장치를 병행하면 데이터의 전ㆍ후처리 외에 오류 수정과 제어 등 부족한 점을 보완할 수 있다. 이 부분을 예로 들어 향후 모든 데이터 센터 장비에 양자 가속기가 장착될 것이며, 양자 처리장치(QPU)ㆍ그래픽 처리장치(GPU)ㆍ중앙처리장치(CPU)가 결합된 형태가 될 것으로 내다봤다.
</p>
<h3>
</h3>
<h3>
 중소 규모 인공지능 연구 시장 겨냥한 장비 공개
</h3>
<p>
 젠슨 황 CEO는 데이터 센터를 위한 그레이스 블랙웰(Grace Blackwell) GB300 외에도 중소규모에서 운용 가능한 장비를 공개했다. 엔비디아는 마이크로소프트, 메타, 구글, 아마존 등 대형 인공지능ㆍ클라우드 서비스 기업을 위한 대규모 장비 위주로 제품을 판매했다. 규모가 작은 인공지능 기업은 지포스 RTX 그래픽카드 혹은 RTX 그래픽 처리장치를 구매할 수밖에 없었다. 문제는 비용을 이유로 중소기업과 연구소 등이 저렴한 지포스 RTX 그래픽카드를 구매한다는 점이다. 이는 시장 공급 왜곡 현상으로 이어져 게이머의 불만으로 이어졌다.
</p>
<p>
 <figure>
  <img alt=""개인 개발자 연구실에서 인공지능 학습이 가능한 DGX 스테이션 / 출처=엔비디아"" src=""https://it.donga.com/media/__sized__/images/2025/5/19/de14102083ca4296-thumbnail-1920x1080-70.jpg"" />
  <figcaption>
   개인 개발자 연구실에서 인공지능 학습이 가능한 DGX 스테이션 / 출처=엔비디아
  </figcaption>
 </figure>
</p>
<p>
 문제를 최소화하고자 엔비디아는 소형 인공지능 가속기, DGX 스테이션(DGX Station)을 공개했다. 일반 데스크톱 컴퓨터와 비슷한 형태지만 데이터 센터에 쓰이는 그레이스 블랙웰 GB300 칩이 탑재된다. 20 페타플롭스(PFLOPS – 초당 1000조회 부동소수점 계산) 성능을 내며 800GB 용량의 공유 메모리로 다양한 언어모델 처리가 가능하다. 초당 800기가비트(Gb) 전송이 가능한 네트워크 연결도 지원한다. 800기가비트는 초당 50기가바이트(GB)에 해당한다.
</p>
<p>
 <figure>
  <img alt=""중소규모 기업에서 인공지능 학습을 지원하는 RTX 프로 서버도 공개됐다 / 출처=엔비디아"" src=""https://it.donga.com/media/__sized__/images/2025/5/19/cdf95ea87e024165-thumbnail-1920x1080-70.jpg"" />
  <figcaption>
   중소규모 기업에서 인공지능 학습을 지원하는 RTX 프로 서버도 공개됐다 / 출처=엔비디아
  </figcaption>
 </figure>
</p>
<p>
 RTX 프로(Pro) 서버도 공개했다. 전문가용 그래픽카드 RTX 프로(Pro) 6000 그래픽카드 8장을 시스템 내에 탑재해 최대 30 페타플롭스(FP4 부동소수점 처리 기준) 인공지능 처리 성능을 제공한다. RTX 그래픽카드가 탑재된 것이어서 실시간 환경 처리가 필요한 디지털 트윈(Digital Twin)에도 적합하다. 그래픽카드 당 100GB 메모리가 제공되고 초당 800기가비트 전송 가능한 네트워크 연결을 지원한다. 젠슨 황 CEO는 RTX 프로 서버는 H100 HGX 장비 대비 4배 뛰어난 성능을 제공한다고 언급했다.
</p>
<p>
 젠슨 황 CEO는 컴퓨텍스 기조연설 대부분을 블랙웰 시스템의 강점을 언급하는 데 썼다. 중국 인공지능 반도체 기업 중심으로 인공지능 가속기를 선보이고 있는 것에 대한 대응으로 풀이된다. 최근 엔비디아는 사우디 인공지능 기업 휴메인과 500메가와트 규모의 데이터 센터 장비 판매 계약을 맺었다. 중국발 판매 규제를 상쇄하는 효과는 있겠지만, 빨리 대응하지 못하면 시장 불안감은 커질 전망이다. 엔비디아는 중국용 인공지능 가속기 H20에 대응하는 후속 제품을 선보일 예정이다.
</p>
<p>
 IT동아 강형석 기자 (redbk@itdonga.com)
</p>",2025-05-19T18:54:40+09:00,AI,2025-05-19T21:54:50.969394+09:00
"톰슨로이터, ""기업들 생성형 AI, 그냥 '한 번 써보는'수준이 아니라 활용할 시점""",https://www.aitimes.kr/news/articleView.html?idxno=34967,aitimes,"글로벌 지식 정보 콘텐츠 및 기술 제공 기업인 톰슨로이터(thomsonreuters)는 ‘2025 전문직 분야의 생성형 AI 활용 현황과 미래 전망(2025 Generative AI in Professional Services Report)' 보고서를 발표(다운)했다.보고서에 따르면 전문 서비스 기업들은 생성형 AI를 그냥 ""한 번 써보는""수준이 아니라 회사 전반에 제대로 도입해서 전략적으로 활용할 시점이 되었음을 지적했으며, 많은 전문가들이 생성형 AI가 자기 업무에서 중요한 역할을 하게 될 거라고 생각하고 있고, 이에 회사들은",2025-05-19T18:48:39+09:00,AI,2025-05-19T21:54:43.769779+09:00
"지뉴소프트 초분광 이미지 분류기술, SOTA 1위 달성",https://zdnet.co.kr/view/?no=20250519180704,zdnet,"[지디넷코리아]지뉴소프트(대표 김동일)는 전세계 분야별 인공지능모델을 평가하는 SOTA(State-of-the-Art)에서 Indian Pines 데이터셋 대상 초분광 이미지 분류 부문 전세계 1위를 달성했다고 19일 밝혔다.SOTA는 AI 각 분야별 세계 최고 수준의 인공지능 모델과 연구성과를 제시하고 있는 플랫폼이다. 지뉴소프트가 1위를 한 분야는 Indian Pines 데이터셋을 대상으로 한 초분광 이미지 분류 부문이다. Indian Pines는 16개 클래스로 구성된 농업과 토지관련 초분광 이미지로 많은 머신러닝과 딥러닝 모델의 성능 검증을 위해 사용된 난이도 높은 벤치마크 데이터셋으로 꼽히고 있다.지뉴소프트에서 개발한 초분광 파운데이션 모델인 HyperspectralMAE모델은 소량의 초분광 이미지로 92.37%의 정확도를 보이며 세계 1위에 오르게 됐다. 이는 2023년 발표된 RPNet_RF모델의 90.23% 정확도를 2년 만에 넘어선 기록이다.HyperspectralMAE모델은 이중마스킹전략(Dual-Masking Strategy)을 통해 공간 패치와 스펙트럼 밴드 일부를 가리고 복원시키는 과정에서 공간과 스펙트럼 차원을 관계를 정확하게 파악할 수 있도록 한다. 또 푸리에 기반 스펙트럼 위치 인코딩 기술을 통해 스펙트럼 순서와 간격 인식도를 높임으로써 초분광 이미지 분석을 보다 정확하게 할 수 있는 특징을 보여준다.지뉴소프트에 따르면, 기존의 초분광 이미지 분석 모델들과 달리 HyperspectralMAE는 초분광 이미지 분석의 정확도와 연산 효율성을 모두 만족시킨다. 이를 통해 고차원 공간 및 스펙트럼 데이터를 동시에 처리할 수 있다. 특히, 사전학습과 전이학습을 수행하는 구조를 통해 다양한 산업 분야에서 실시간 처리 및 빠른 응답 속도로 실질적 활용도를 높일 수 있다.2024년 과학기술정보통신부와 정보통신기획평가원(IITP)의 핵심원천기술개발 R&amp;D사업 수주를 통해 본격적인 초분광 파운데이션 모델을 개발중인 지뉴소프트는 HyperspectralMAE 모델이 환경 모니터링, 재난 대응 등 다양한 산업에서 실질적인 변화를 이끌어낼 기술적 기반이 될 수 있을 것으로 보고 있다. 또 자체 구축한 데이터셋과 도메인 특화 학습을 통해 모델 성능을 한층 강화하고 있다. 이를 통해 기존 초분광 데이터 분석에 많은 전문인력과 분석시간이 소요되는 문제를 실시간 분석이 가능한 수준으로 발전시키고자 박차를 가하고 있다.지뉴소프트 임태훈 연구소장은 “이번 SOTA 1위 달성은 초분광 파운데이션 모델의 개발 성과를 보여주는 중요한 계기가 될 것으로 보고 있다”면서 “초분광 이미지 분석 기술은 다양한 산업 분야에서 활용 잠재성이 높은 분야로서 파운데이션 모델 개발을 통해 글로벌 경쟁력과 기술적 리더쉽을 확고히 하고자 한다”고 밝혔다.",2025-05-19T18:07:04+09:00,AI,2025-05-19T21:54:36.476474+09:00
"젠슨 황 ""AI 슈퍼컴 대만에 조성""",https://www.mk.co.kr/news/business/11321137,mk_tech,"엔비디아가 모든 인공지능(AI) 인프라를 하나로 묶을 수 있는 '초연결 기술'을 선보였다. 
그동안 AI 데이터센터(AIDC)를 구축하기 위해서는 한 회사의 AI 칩만 주로 사용해..",2025-05-19T18:04:07+09:00,AI,2025-05-19T21:54:58.402789+09:00
개인용 AI슈퍼컴 나온다 … 손바닥 크기에 초당 1천조번 연산,https://www.mk.co.kr/news/business/11321130,mk_tech,"""인공지능(AI) 슈퍼컴퓨터를 누구나 크리스마스 선물로 하나쯤 가질 수 있을 것이다.""
젠슨 황 엔비디아 최고경영자(CEO)가 누구나 AI 슈퍼컴퓨터를 소유하는 시대가 펼쳐질 것이..",2025-05-19T17:59:00+09:00,AI,2025-05-19T21:54:58.405789+09:00
"국토부, ‘공간정보 안심구역’ 학계·산업계와 손잡고 새 거점으로 재편",https://zdnet.co.kr/view/?no=20250519174728,zdnet,"[지디넷코리아]국토교통부는 공개제한 공간정보를 활용할 수 있는 ‘제1호 공간정보 안심구역’을 기존 서울 강남에서 영등포로 이전하고 20일 현판식과 함께 본격 운영에 들어간다고 밝혔다.공간정보 안심구역은 일반인이 공개제한 공간정보를 활용할 수 있도록 보안시설을 갖춘 데이터 개방 전용 구역이다.2023년 서울 강남에 처음 설치된 이후, 한국공간정보산업협회가 입주한 서울 영등포구 신길동 소재 건물로 이전하면서 새로운 거점으로 재편한다.국토부는 공간정보 안심구역을 공간정보 분야 종사자 기술교육 기관인 한국공간정보산업협회으로 이전함에 따라 공간정보 기업 참여기회가 많아질 것으로 기대했다.공개제한 공간정보는 정부·지방자치단체 등에서 구축·관리하는 고해상·고정밀·3차원 좌표가 포함된 공간정보로 보안상 일반에 제공되지 않던 데이터다.국토부는 지난 2022년 인공지능(AI)·디지털트윈 등 기술개발을 위해 민간 업계 공개제한 공간정보 수요가 늘어남에 따라 물리적 보안시설을 갖춘 공간에서는 공개제한 공간정보를 제공받아 활용할 수 있도록 규제를 완화했다.한편, 20일에는 수도권에 위치한 공간정보 특성화고 3곳과 공간정보안심구역을 통한 공간정보 활용 업무협약(MOU)도 체결한다.그동안 공간정보 안심구역에서는 특성화고 학생에게 공개제한 공간정보를 제공하고, 잘 활용할 수 있도록 공간정보 활용 전문교육을 지원해 왔다.특성화고는 이번 업무협약을 통해 지속가능한 학교 밖 교육을 실시함으로써 이론과 실무를 겸비한 인재를 육성해 나갈 계획이다.협약식에는 국토부와 공간정보 특성화고 3개교를 비롯해 공간정보 안심구역 운영 기관인 한국국토정보공사와 공간정보 산업계를 대표하는 한국공간정보산업협회가 참여해 정부의 공개제한 공간정보 개방 정책과 개발 방향에 발맞춰 지속적인 협력을 이어가기로 했다.이상주 국토부 국토도시실장은 “올해는 공개 제한 공간정보가 개방된 지 3년째 되는 해로, 다양한 신산업에서의 가치 실현과 확산이 기대된다”며 “공간정보 안심구역 역할이 더욱 중요해질 것”이라고 강조했다.",2025-05-19T17:47:28+09:00,AI,2025-05-19T21:54:36.480470+09:00
"마이크로소프트, '빌드 2025' 개최…AI·클라우드 전략 총공개 '예고'",https://zdnet.co.kr/view/?no=20250519170838,zdnet,"[지디넷코리아]마이크로소프트(MS)가 연례 개발자 행사 '빌드 2025'를 열고 생성형 인공지능(AI) 전략을 전면에 내세운다. 자체 AI 제품군 고도화와 오픈AI 의존도 축소가 동시에 추진되는 가운데 행사 자체가 향후 기술·사업 방향 전환의 시험대가 될 전망이다.MS는 오는 19일부터 나흘간 미국 시애틀에서 연례 개발자 컨퍼런스 '마이크로소프트 빌드 2025'를 개최한다. 행사 첫날에는 사티아 나델라 최고경영자(CEO)와 케빈 스콧 최고기술책임자(CTO)가 기조연설을 진행한다.행사의 핵심 주제는 MS '코파일럿'의 기능 확장과 자율성 강화다. 업계에선 사용자의 일상적인 PC 작업을 자동으로 수행하는 '에이전트형' 기능이 코파일럿에 새로 탑재될 가능성이 제기되고 있다. 최근 유출된 정보에 따르면 특정 작업을 실행하는 '액션 버튼' 기능도 내부 테스트 중인 것으로 알려졌다.MS는 현재 '코파일럿'에 탑재된 오픈AI 모델을 대체할 대안을 물색하고 있다. 일론 머스크의 'xAI', 메타 '라마', 앤트로픽 '클로드', 딥시크 등 다양한 기업의 모델을 검토 중이며 독자 모델인 'MAI' 시리즈를 외부 응용프로그램 인터페이스(API) 형태로 제공하는 방안도 논의되고 있다.이 같은 변화는 회사의 가격정책과도 맞물려 있다. MS는 지난해 11월 '마이크로소프트 365', '오피스 365' 등 제품군 가격을 5% 인상했으며 최근에는 개인·가족 요금제에 '코파일럿'을 통합하면서 가격을 30% 추가 인상했다. AI 기반 기능이 실제로 사용자에게 가치를 제공한다는 것을 입증해야 할 시점이다.실제 최근 몇 주간 코파일럿에는 웹 탐색, 사용자 대신 작업 수행, '심층 연구(deep research)' 등 고급 기능이 잇달아 추가됐다. 단순 자동완성 도구를 넘어 사무환경 전반을 대체 가능한 주체로 확장하려는 구상이다. 내부적으로는 오픈AI에 대한 기술 의존도를 줄이기 위한 연구개발이 빠르게 진행 중이다.클라우드 부문에서는 '애저'용 맞춤형 AI칩 '마이아 100'의 후속작이 발표될 가능성도 제기된다. '마이아 2'로 알려진 이 칩은 마벨(Marvell)이 제조를 맡은 것으로 알려졌다.",2025-05-19T17:28:46+09:00,AI,2025-05-19T21:54:36.483468+09:00
"""치매 예방·신호등 앱 만든 10대들""…한국 고교생, 美 과학대회서 실력 입증",https://zdnet.co.kr/view/?no=20250519161613,zdnet,"[지디넷코리아]한국 청소년들이 세계 최대 청소년 과학기술 대회에서 4년 연속 수상의 성과를 이어갔다. 과학기술정보통신부(과기정통부)는 최근 미국 오하이오주에서 열린 '2025년 국제과학기술경진대회(ISEF)'에 참가한 한국 대표단이 시스템 소프트웨어 분야 본상 3등과 특별상 2건을 수상했다고 19일 밝혔다. 전 세계 70여개국 1천800여 명의 청소년이 참가한 이 대회에 한국에서는 6개팀 10명이 출전했다.본상 3등을 수상한 작품은 '손 제스처 인식을 활용한 치매 예방 앱'이다. 세인트폴서울국제학교 김민준, 오산고 정무건, 오렌지카운티 소재 아놀드오벡먼고 박주영 학생이 개발했다. 엄지와 검지를 활용한 소근육 활동을 증강현실 상에서 구현해 인지 훈련으로 연결하는 시스템이다.이와 별도로 대전외국인학교 이윤하 학생은 'AI 기반 스마트 신호등 시스템'으로 후원사 특별 1등상, 3등상을 각각 수상했다. 이 작품은 컴퓨터 비전 기반 보행자 인식 알고리즘으로 신호 체계를 조정해 교통 약자의 안전을 도모하는 방식이다.올해 수상으로 한국은 지난 2022년 4등상, 2023년 4등상, 2024년 2등상에 이어 4년 연속 ISEF 본상 수상 기록을 세웠다. 이들 참가자는 지난 2024년 한국코드페어에서 은상 이상을 받은 후 대표 선발전과 멘토링을 거쳐 올해 대회에 출전했다.ISEF는 미국 과학대중협회가 주관하고 제약회사 리제네론이 후원하는 국제 대회다. 매년 전 세계 우수 청소년 과학인재들이 참가하며 총 9백만 달러(한화 약 126억원) 상당의 장학금이 수여된다. 전시부스 발표와 심사를 기반으로 한 전면 영어 심사로 유명하다.과기정통부는 이번 수상이 단순 성과를 넘어 정부 청소년 소프트웨어(SW) 육성정책의 성과라는 점에서 의미가 있다고 평가했다. 올해 한국코드페어는 오는 10월 본선이 예정돼 있으며 공모전 접수는 오는 30일부터 다음 달 20일까지다.송상훈 과기정통부 정보통신정책실장은 ""국제 대회에서 우리 학생들이 소프트웨어 실력을 발휘한 것이 자랑스럽다""며 ""세계 무대에서 활약할 인재로 성장할 수 있도록 지원을 아끼지 않겠다""고 밝혔다.",2025-05-19T17:27:51+09:00,AI,2025-05-19T21:54:36.487467+09:00
"블록체인 가상자산, '입법지연·예산삭감·규제' 악순환 끊어야",https://zdnet.co.kr/view/?no=20250513011238,zdnet,"[지디넷코리아]윤석열 전 대통령의 탄핵 이후 들어서는 새 정부는 정치 혼란 속에서도 산업과 기술의 방향성을 다시 세울 중대한 책임을 떠안게 됐다. 동시에 전 세계는 기술의 또 다른 거대한 전환점을 맞이하고 있다. AI가 특정 산업의 기술을 넘어 모든 산업에 스며드는 '기반 인프라'로 자리 잡고 있는 것. 자동차에서 헬스케어, 게임, 미디어, 금융에 이르기까지 AI는 이미 산업 생태계의 기초 체력으로 작동하기 시작했다. 지디넷코리아는 창간 25주년을 맞아 이 격변의 시점에서 AI 기반 산업 대전환기에 진입한 대한민국의 산업 현장을 진단하고, 각 산업 분야 전문가들과 함께 'AI시대, 새 정부가 해야 할 일'을 짚어본다. [편집자 주]블록체인 산업은 전 세계적으로 제도권 금융과 융합되는 흐름 속에서 빠르게 성장하고 있다. 하지만 국내는 여전히 ‘규제 중심’ 정책에 머물러 있다는 비판이 끊이지 않는다.새로운 정부가 들어설 때마다 블록체인을 육성하겠다는 구호를 반복해왔다. 하지만 현실에서는 ▲입법 지연 ▲진흥 예산 삭감 ▲불확실한 규제 환경이 계속됐다. 그러다보니 산업계는 “이젠 말이 아니라 제도적 체계로 답해야 한다”면서 새롭게 출범할 정부는 구조 전환에 나서야 한다고 목소리를 내고 있다.블록체인과 가상자산 산업은 정책의 무게중심부터 바꿔야 한다는 비판이 적지 않다. 특히 거래소에 편중된 제도를 산업 현실에 맞게 개편해야 한다는 지적은 차기 정부가 눈여겨 봐야 할 지점으로 꼽힌다. 오랜 기간 국내 정책이 글로벌 흐름에 발맞추지 않았기에 시장 현실과 국내 정책 사이에 괴리가 커졌기 때문이다.정구태 인피닛블록 대표는 지금의 체계를 '현실과 괴리된 낡은 틀'이라고 평가했다. 거래소 위주 단순 매매가 산업의 중심이었던 초창기와 달리 지금은 디지털자산 기반의 결제 인프라, 자산운용, 수탁, 자문 등 전통 금융의 기능을 흡수하는 방향으로 산업이 진화하고 있음에도 정부 정책은 여전히 거래소에 초점을 맞추고 있다는 것이다. 정 대표는 “이제는 거래소, 커스터디, 일임형 자산관리, 집합투자 등 각 업권을 구분하고, 그에 맞는 맞춤형 등록·인가 제도를 도입해야 한다”고 강조했다.아울러 구체적인 기준 없이 산업을 하나의 덩어리로만 보려 하면 결과적으로 아무 사업도 제대로 못하게 되는 결과를 낳을 수 있다고 주장하며 “이러한 제도 정비를 통해야만 비트코인 현물 ETF와 같은 공모형 상품이 가능해지고 산업 신뢰 회복의 출발점이 될 수 있다”고 덧붙였다.현행 은행 실명계좌 제도는 내국인 개인 투자자에게만 계좌 연동을 허용하고 있다. 사실상 외국인은 시장에 진입할 수 없는 구조다. 업계는 이로 인해 거래소의 글로벌화는 물론 국내 시장이 국제적 흐름과 단절되는 결과로 이어지고 있다고 비판했다. 익명을 요구한 블록체인 업계의 한 관계자는 “이 같은 구조는 김치 프리미엄 같은 왜곡된 시장 가격을 유발하고 변동성이 높아지는 부작용도 남기고 있다”라며 “외국인 투자자 유치는 국내 거래소의 생존 전략이자 투명한 시장 구조 정착을 위한 핵심 과제다”라고 덧붙였다.가상자산 현물 ETF 도입 문제도 여전히 미해결 상태다.또 다른 업계 관계자는 “해외에서는 블랙록, 피델리티 등 글로벌 자산운용사들이 이미 ETF를 통해 기관 자금을 유입시키고 있지만 한국은 많이 뒤쳐진 상태다”라고 지적했다.이어서 그는 “ETF가 도입되면, 일반 투자자들도 안전하게 디지털자산에 접근할 수 있고 제도권 감독 아래 안정성이 제고된다”며 “지금처럼 모든 투자 행위를 개별 거래소와 투자자의 판단에만 맡기는 구조는 위험할 수 있다”고 덧붙였다.과세 체계에 대한 확실한 방향 제시도 필요하다는 목소리도 들려온다. 2022년 1월 시행 예정이던 가상자산 과세가 세 차례 유예되며 투자자 혼란이 가중됐고 지금은 사실상 정책 공백 상태다. 가상자산 소득을 기타소득으로 분류하고 있어 손실 이월 공제 등 기본적인 세무 장치조차 작동하지 않은 현 시장 상황을 두고 가상자산 업계는 일관된 정책 논리가 필요하다고 지적한다.관련 예산 확충 문제도 중요한 과제로 꼽힌다. 기업들의 블록체인 산업 참여를 이끌기 위해선 예산 문제가 중요한 전제조건이기 때문이다. 김성곤 한국블록체인산업진흥협회 이사는 “지난해 블록체인 산업 예산이 3분의 1로 줄어든 것은 단순한 삭감이 아니라 정부가 이 분야에 관심이 없다며 산업계에 보내는 명확한 ‘시그널’이었다”고 말했다.이어서 “정부가 이 산업을 중요하게 보지 않는다는 신호는 곧 시장 전체의 위축으로 이어진다”며 “대기업조차 관련 부서를 축소하거나 폐지하는 분위기인데 그 배경에는 정부의 무관심이 있다. 산업을 계속 키울 의지가 있다면 예산으로 증명할 필요가 있다”라고 주장했다.김 이사는 현재 국회에서 논의 중인 가상자산 2차 입법에 대해서도 의견을 전했다. 그는 “산업에 대한 이해가 부족한 상태로 책상머리에서 만든 법은 오히려 시장을 가로막을 수 있다”며 “외국 입법 사례를 그대로 가져오기보다 국내 상황에 맞게 조정하고 현장의 목소리를 더 반영해야 한다”고 말했다.블록체인, 가상자산 업계 관계자들은 이제 이 산업을 단순한 투자 수단이 아니라 디지털금융 인프라로 바라보는 패러다임 전환이 필요하다고 강조한다. 특히 금융위원회 중심의 규제 행정에서 벗어나 과기정통부, 산업부, 기재부 등과 협업하는 융합형 정책 체계를 수립해야 한다는 의견도 들려온다.블록체인과 가상자산을 바라보는 패러다임 전환 필요성도 거론된다.정구태 대표는 “트래블룰, 공시, 가격평가 등은 개별 기업이 감당하기 어려운 구조”라며 “공통 인프라 구축에 대한 민간 협력이 없다면 산업 전체가 양극화될 수 있다”고 경고했다.이어서 “중소기업과 스타트업이 함께 성장할 수 있는 환경 조성, 그리고 ETF와 같은 제도권 상품 출시가 병행돼야 한국이 글로벌 디지털금융 허브로 도약할 수 있다”고 강조했다.한 블록체인 업계 관계자는 “이 산업은 매번 선거 공약에 이름만 올라가는 산업이다. 정작 선거가 끝나면 아무도 책임지지 않았다”라고 쓴웃음을 지었다. 그간 정부가 블록체인, 가상자산 산업을 어떤 형태로 대해왔는지를 함축적으로 보여주는 순간이었다. 차기 정부는 이런 업계의 쓴 웃음을 멈출 수 있을지 업계의 이목이 집중된다.",2025-05-19T17:02:15+09:00,AI,2025-05-19T21:54:36.488471+09:00
"로민-이씨에이시스템, '물류 OCR' 공략…자동화 시장 판 키운다",https://zdnet.co.kr/view/?no=20250519160411,zdnet,"[지디넷코리아]로민이 물류 자동화 전문기업 이씨에이시스템과 손잡고 도큐먼트 인공지능(AI) 기술 고도화에 나선다.로민은 최근 이씨에이시스템과 우편·물류 분야 AI 광학문자인식(OCR) 사업 확대를 위한 전략적 업무협약(MOU)을 체결했다고 19일 밝혔다. 이번 협약은 양사의 기술 및 솔루션을 연계해 물류 현장의 이미지 데이터를 효율적으로 인식하는 시스템을 공동 구축하기 위해 맺어졌다.로민은 인쇄체와 필기체 모두를 정밀하게 인식하는 독자적인 AI OCR 엔진을 개발했다. 이 기술은 금융·공공·제조·무역 분야에서 검증됐으며 우편물 분류 과정에서도 이미지 처리 시스템(IPS)와의 연동성을 확보하고 있다.이씨에이시스템은 지난 2005년 설립 이후 우정사업본부, 쿠팡, CJ대한통운, 롯데글로벌로지스, DHL 등 다수 물류 기업에 자동화 시스템을 공급해왔다. 독일 비트로닉, 비저바 등 글로벌 파트너사들과의 협업 경험도 보유하고 있다.양사는 이번 협약을 통해 공공 우편물 처리 시스템은 물론 민간 택배 기업의 물류 자동화 과정에 AI OCR 솔루션을 공동 적용할 방침이다. 이는 정확한 데이터 확보와 분류 속도 향상을 통해 물류 전반의 효율성을 끌어올리는 기반이 될 것으로 예상된다.이중순 이씨에이시스템 대표는 ""이미지 기반 인식 기술은 물류 데이터의 정확성과 운영 효율을 동시에 높이는 핵심 기술""이라며 ""AI OCR 전문기업인 로민과의 협력은 고객 맞춤형 물류 시스템 구축에 큰 시너지를 낼 것""이라고 밝혔다.강지홍 로민 대표는 ""물류 분야에 강점을 가진 이씨에이시스템과 협력하게 돼 의미가 크다""며 ""실제 현장에서 체감 가능한 성과를 도출해 다큐먼트 AI 기술의 시장 확대를 이끌겠다""고 말했다.",2025-05-19T16:57:59+09:00,AI,2025-05-19T21:54:36.490465+09:00
"건국대, 마이크로소프트와 AI 교육·행정 혁신 착수",https://zdnet.co.kr/view/?no=20250519165642,zdnet,"[지디넷코리아]건국대학교(총장 원종필)와 한국마이크로소프트(대표 조원우)는 인공지능(AI) 산업 분야 산학협력 강화를 위한 업무협약(MOU)을 체결했다고 19일 밝혔다.건국대와 마이크로소프트는 협약에 따라 AI 분야 산업 수요에 부응하는 교육 혁신과 기술 협력 체계를 공동으로 구축하기로 했다. 특히 산업체 주도형 교과과정 개발과 공동 운영을 중심으로 협력한다.건국대는 협약을 계기로 마이크로소프트 애저 오픈AI 서비스(Azure OpenAI Service)를 기반으로 자체 LLM을 구축, 더욱 체계적이고 효율적인 AI 교육과 행정혁신을 실현할 계획이다.건국대와 한국마이크로소프트는 최근 공동 컨소시엄으로 교육부·국가평생교육진흥원의 ‘산업맞춤단기직무능력인증프로그램 매치업 사업’에서 ‘공간컴퓨팅 분야’로 선정됐다. 앞으로 다양한 산업과 교육 현장에서 실질적인 기술 확산과 혁신을 추진할 계획이다.원종필 건국대 총장은 “건국대는 ‘세계를 이끌 녹색 물결’이라는 슬로건 아래 건학 100주년을 준비하며 글로벌 대학으로의 발전을 추진하고 있다”며 “이번 협약을 계기로 마이크로소프트의 첨단 AI 기술을 교육·행정 전반에 도입하며 교육의 질을 높이고 업무 생산성을 높이는 한편, 국내 최고 수준의 AI·SW 활용 역량을 갖춘 대학으로 도약하겠다”고 밝혔다.",2025-05-19T16:56:42+09:00,AI,2025-05-19T21:54:36.491465+09:00
"[유미's 픽] 美 날아간 현신균, 2년 연속 SAP 행사 연단 선다…LG CNS, 글로벌 입지 '쑥'",https://zdnet.co.kr/view/?no=20250519164507,zdnet,"[지디넷코리아]""LG CNS가 디지털 영역에서 글로벌 1등 기업이 되는 것이 목표이자 꿈입니다. 국내를 넘어 글로벌 시장으로 진출할 수 있는 교두보를 마련하겠습니다.""올해 취임 4년차를 맞은 현신균 대표가 LG CNS를 글로벌 기업으로 키우기 위해 SAP 손을 잡고 적극적인 행보를 보이고 있다. 글로벌 기업과의 협업을 통해 급변하는 기술 및 경영 환경 변화에 선제적으로 대응함으로써 해외 시장에서 점차 존재감을 드러내는 분위기다.19일 업계에 따르면 현 대표는 이날(현지시간)부터 21일까지 미국 올랜도에서 개최되는 'SAP 사파이어 2025'에 2년 연속 패널로 초청됐다. 이 행사에서 SAP 주요 경영진들과 함께 생성형 AI를 활용한 업무 혁신 등을 토론할 것으로 알려졌다.LG CNS는 이번 'SAP 사파이어 2025'에서 주요 파트너사로도 집중 조명을 받고 있다. 부스에는 SAP 통합 기반 설비관리·테스트 자동화 솔루션을 전시할 예정으로, 특히 대표 제품인 '스페이스N(SPACE-N)', '퍼펙트트윈(PerfecTwin)' 등을 앞세워 고객사 확보에 적극 나선다는 방침이다. '스페이스N'은 통신사와 에너지 기업을 위한 오픈 GIS 기반 설비관리 솔루션으로, 설계부터 현장 작업까지 전 주기를 관리하며 SAP 시스템과의 네이티브 통합을 통해 실시간 데이터 연계 및 운영 최적화를 실현한다. '퍼펙트트윈'은 AI 기반 SAP 'S/4 HANA' 테스트 자동화 솔루션으로, 실제 트랜잭션 데이터를 활용한 대규모 품질 테스트를 자동화하고 시스템 전환 리스크를 줄이는 데 초점을 맞췄다.업계 관계자는 ""LG CNS와 SAP가 이번에 새로운 전략적 파트너십도 체결하는 것으로 안다""며 ""이번 일로 양사의 협업 속도는 더욱 빨라질 것""이라고 예측했다.SAP는 전 세계 전사적자원관리(ERP) 시장 점유율 1위 기업으로, 국내 ERP 시장에서의 점유율은 20% 이상이다. 공공과 민간 기업 상당 수가 SAP의 구버전(EHP5 이하)을 사용하고 있는 상황에서 최근에는 AI 활용을 도와주는 최신 ERP인 'S/4 HANA'로 전환을 유도하고 있다.이 과정에서 SAP는 오랜 인연과 굳건한 신뢰를 바탕으로 국내뿐 아니라 아시아 지역 내 파트너로 LG CNS를 택했다. SAP의 아시아-태평양 지역 전략 서비스 파트너(Regional Strategic Services Partner, RSSP) 이니셔티브로 선정한 것이다. RSSP는 SAP가 운영하는 전략적 협력 프로그램으로, 아시아-태평양 지역에서 최고 수준의 ERP 역량을 갖춘 기업들에게 부여된다. SAP는 자사 솔루션을 고객에게 맞춤형으로 제공할 수 있는 기술력과 사업 역량을 가진 기업에게 전략 파트너 자격을 제공한다. LG CNS는 일본의 후지쯔, 에이빔 컨설팅(Abeam Consulting), 베트남 FPT소프트웨어에 이어 아시아태평양지역의 4번째, 국내 기업에선 첫 번째 SAP 핵심 파트너로 선정됐다.이처럼 LG CNS가 SAP의 신임을 받게 된 것은 현 대표의 역할도 큰 것으로 알려졌다. LG그룹 내 기술 전략통으로 손꼽히는 현 대표는 액센츄어, AT커니 등 컨설팅 회사들을 거쳐 UN(국제연합)에서 글로벌 혁신 전문가로 활동하며 탄탄한 글로벌 네트워크를 구축해왔다. 또 지난 2010년부터 LG디스플레이에서 업무혁신 그룹장(전무)를 지내며 전사 차원의 IT 혁신을 주도했고, 2017년에는 LG CNS로 옮겨 최고기술책임자(CTO), D&amp;A 사업부장 등도 잇따라 맡았다. 그 결과 현 대표는 LG CNS를 기술역량 중심 정예 전문가 조직으로 이끌었고, 이를 인정 받아 지난 2022년 11월 LG CNS 수장으로 올라섰다. 이후 LG CNS와 SAP의 관계는 더 돈독해졌다. 현 대표가 지난 2023년 크리스찬 클라인 SAP 최고경영진(CEO)과 직접 만나 협력 방안을 논의한 것이 계기가 됐다.LG CNS는 지난 1997년 5월 SAP와 첫 ERP 협력에 나선 후 2003년 12월 국내 최초로 SAP CCC(Customer Competence Center) 인증을 획득하며 SAP 협력사로서 존재감을 키웠다. 2010년 11월에는 클라우드컴퓨팅 비즈니스 협력 MOU도 체결했다. 그 이후 SAP와 큰 교류가 없었으나, 클라우드 전환에 이어 AI가 '차세대 ERP' 시장의 핵심으로 떠오르기 시작한 것이 양사 관계에 새로운 변화를 주게 됐다.현 대표와 클라인 CEO는 이 때 만난 이후 SAP의 ERP 'S/4 HANA'를 활용, 한국 기업에 최적화된 차세대 ERP 시스템을 구축하고 공동 운영하기로 약속했다. 또 'S/4 HANA'를 활용한 사업 협업을 LG 계열사를 포함한 한국 시장에서 시작하고 점차 글로벌로 확대해 나가기로 했다.이후 양사는 SAP ERP(전사적자원관리, Enterprise Resource Planning) 시스템에 특화된 '퍼펙트윈 ERP 에디션'을 그 결과물로 내놨다.'퍼펙트윈'은 신규 시스템을 성공적으로 오픈 할 수 있도록 해주는 실거래 데이터 기반의 자동 테스팅 솔루션이다. 이는 SAP ECC(SAP가 기존에 제공해오던 ERP 솔루션)를 이용하던 고객이 SAP 'S/4 HANA'로 전환할 때 결함발생률 제로에 가까운 ERP 시스템을 오픈할 수 있도록 지원한다. 주기적인 'S/4 HANA' 업그레이드에도 활용 가능하다.LG CNS는 '퍼펙트윈 ERP 에디션'을 앞세워 지난 해 6월 미국에 이어 같은 해 10월 일본에도 진출하며 글로벌 고객사 확보에도 총력을 기울이고 있다. 국내에선 일찌감치 한국은행, 농협카드 등 금융권을 비롯해 제조, 통신, 유통, 서비스 등 100여 개 이상의 기업 고객에게 제공하며 기술력을 입증했다.업계에선 현 대표가 SAP 연례 행사에 2년 연속 초청됐다는 점을 주목했다. LG CNS가 SAP와의 굳건한 파트너십을 바탕으로 미국, 일본에 이어 다른 지역 진출에도 속도를 낼 것으로 기대돼서다. 여러 글로벌 기업과의 협업을 강화하는 것도 긍정적으로 봤다. 현 대표는 LG CNS 수장 자리에 오른 후 마이크로소프트(MS)와 '애저(Azure) 오픈AI 서비스' 사업 협력 방안을 논의했을 뿐 아니라 올 들어 AI 기업 코히어, W&amp;B 등과 협력해 '에이전틱 AI' 시장 선점도 노렸다. 여기에 아마존웹서비스(AWS), 구글 클라우드 등 글로벌 빅테크 기업들과 AX(인공지능 전환) 파트너십 확대에도 속도를 높이고 있다. 특히 구글 클라우드와는 빠르게 성장하는 헬스케어·바이오 AX 시장 선점에도 나선다는 구상이다.현 대표는 이를 기반으로 미국과 아-태 지역 등에서 글로벌 AX 시장 공략을 본격화할 것이란 의지를 보이고 있다.현 대표는 올해 주주총회에서 ""AI와 클라우드 시대에 자사 기술력과 시장 입지를 바탕으로 글로벌 사업을 확대할 것""이라며 ""AX 전문기업으로 도약해 새로운 성장 기회를 창출하겠다""고 말했다.이 같은 움직임에 시장에서도 현 대표와 LG CNS의 행보에 거는 기대가 크다. 글로벌 기업들과의 협력 강화를 토대로 올해 클라우드·AI, 디지털 비즈니스, 스마트엔지니어링 등 사업부 전반에서 동반 성장이 있을 것이란 기대감도 나왔다.서지범 신한투자증권 연구원은 ""LG CNS는 단기 실적에 따른 주가 변동성보다 AI가 이끌 산업 패러다임 변화에 주목해야 하는 곳""이라며 ""그룹 캡티브, 공공·민간 등 안정적 성장 포트폴리오 확보가 긍정적인 데다 AI 수혜 업체라는 점도 매력 요소""라고 밝혔다.",2025-05-19T16:48:23+09:00,AI,2025-05-19T21:54:36.499459+09:00
"“AI 시대 회계, 어디로 가나”… 한양대, 국제 회계 심포지엄 개최 [온라인 라운지]",https://www.donga.com/news/Culture/article/all/20250519/131633204/2,donga_tech,"<img align=""left"" hspace=""10"" src=""https://dimg.donga.com/i/150/150/90/wps/NEWS/IMAGE/2025/05/19/131633220.3.jpeg"" vspace=""10"" />한양대학교 경영학과는 인공지능(AI) 시대 회계 연구와 실무의 미래를 조망하는 국제 회계 심포지엄을 오는 24일 개최한다고 밝혔다.‘2025 한양 회계연구 심포지엄(HARS, 2025 Hanyang Accounting Research Symposium)’은 같은 날 오전 9시부터 오후 5시까지 서울 성동구 한양대학교 경영관에서 열린다. 올해 주제는 ‘인공지능 시대의 회계(Accounting in the Age of AI)’로, 기술 변화가 회계 분야에 미치는 영향을 심도있게 다룰 예정이다.한양대 경영학과는 “AI를 포함한 기술 발전이 회계학계와 산업에 가져올 구조적 전환과 대응 전략을 논의하는 자리”라며, “학계와 실무계가 함께 지식을 교류하는 통합형 심포지엄으로 마련했다”고 설명했다.행사는 학술 세션과 실무 세션으로 구성된다. 학술 세션에서는 해외 유수 대학 회계학자들이 최신 연구 성과를 발표하며, 실무 세션에서는 국내 주요 회계법인 전문가들이 AI 기반 회계 실무의 변화를 공유할",2025-05-19T11:34:00+09:00,AI,2025-05-19T21:55:03.427146+09:00
"스카이인텔리전스, 엔비디아 지원 프로그램 회원사 선정",https://www.donga.com/news/It/article/all/20250519/131632337/1,donga_tech,"<img align=""left"" hspace=""10"" src=""https://dimg.donga.com/i/150/150/90/wps/NEWS/IMAGE/2025/05/19/131632335.2.jpg"" vspace=""10"" />스카이인텔리전스는 19일 엔비디아 인셉션 프로그램(Inception Program) 회원사로 선정됐다고 밝혔다. 스카이인텔리전스는 SKAI(스카이월드와이드)의 관계사다.엔비디아 인셉션 프로그램은 AI, 데이터 과학, 고성능 컴퓨팅 분야 스타트업을 대상으로 GPU 최적화, 기술 컨설팅, 글로벌 네트워크 지원을 제공한다. 스카이인텔리전스는 이 프로그램을 통해 AI 기반 3D 콘텐츠 생성 솔루션 개발을 강화하고 글로벌 시장 진출을 준비한다는 계획이다.스카이인텔리전스는 엔비디아의 리테일 산업 ISV(Independent Software Vendor)로도 선정됐다고 한다. 엔비디아 옴니버스 플랫폼을 활용해 ▲3D 스캐닝 자동화 ▲AI 모델 세분화 ▲텍스처 예측 ▲조명 및 카메라 제어 기능을 포함한 생성형 AI 콘텐츠 제작을 개발 중이다. 이 솔루션은 패션, 전자, 식음료 등 제품 콘텐츠 제작에 적용될 예정이다.해당 솔루션은 오는 6월 프랑스 파리 비바테크놀로지(VivaTech 2025)에서",2025-05-19T10:15:00+09:00,AI,2025-05-19T21:55:03.430145+09:00
"오픈AI, 챗GPT에 코딩 에이전트 도입",https://www.donga.com/news/Economy/article/all/20250518/131629090/2,donga_tech,"오픈AI가 소프트웨어 개발을 돕는 코딩에 특화된 인공지능(AI) 에이전트(비서)를 출시하며 빅테크와 본격적인 경쟁을 예고했다.  오픈AI는 16일(현지 시간) ‘코덱스’라는 AI 코딩 에이전트를 챗GPT 프로와 엔터프라이즈, 팀 구독자들에게 ‘연구용 미리보기’ 형태로 우선 제공한다고 밝혔다. 코덱스는 소프트웨어 엔지니어링에 최적화된 오픈AI의 추론 모델 ‘o3’를 기반으로 작동한다. 사용자가 입력한 명령어에 따라 새로운 코드를 생성하거나 오류를 수정하고 검사를 실행하는 등 여러 작업을 동시에 처리할 수 있어 소프트웨어 개발자들의 업무 시간을 대폭 단축할 수 있도록 했다. 현재 대부분의 코딩 도구는 개발자와 실시간으로 협업하는 방식이지만 코덱스는 클라우드 기반으로 독자적으로 작업을 수행해 30분 이내에 결과물을 제공한다. 또한 경쟁사의 AI 도구보다 코드 리뷰 등을 더 효과적으로 지원할 수 있다고 오픈AI는 설명했다. 이날 블룸버그통신 등 외신은 오픈AI가 15일 미국 정부가 발표한",2025-05-19T03:00:00+09:00,AI,2025-05-19T21:55:03.445137+09:00
[Tech&]끝없는 도전으로 TV의 미래를 제시해온 삼성 TV… 2025년 비전 AI로 TV의 새로운 시대를 열다,https://www.donga.com/news/Economy/article/all/20250518/131586106/1,donga_tech,"<img align=""left"" hspace=""10"" src=""https://dimg.donga.com/i/150/150/90/wps/NEWS/IMAGE/2025/05/18/131630452.1.jpg"" vspace=""10"" />《삼성 TV는 끝없는 고민과 기술 혁신으로 TV 시장에 새로운 패러다임을 제공하며 TV 시장을 선도하고 있다.뛰어난 화질, 감각적인 디자인, 다채로운 콘텐츠 등 소비자가 TV에 바라는 것을 앞서 제안하고 TV 발전의 역사를 이끌어가고 있다.지난해 인공지능(AI) TV를 처음으로 공개하며 TV의 새로운 역할을 보여준 삼성전자는 ‘비전 AI’를 바탕으로 ‘진정한 AI TV’라는 새로운 TV의 방향성을 제시한다.삼성 AI TV가 지향하는 ‘비전 AI’는 사용자의 옆에서 일상을 더 쉽고 편리하게 만드는 삶의 동반자로 TV의 역할을 확장한다.AI TV 시대를 열기까지 삼성 TV가 걸어왔던 여정을 살펴보면 앞으로 삼성 TV가 펼쳐갈 혁신의 미래를 엿볼 수 있다.》디자인 TV 시대 ｜ 고정관념을 탈피한 혁신적 디자인의 시작삼성전자는 2006년 TV 디자인의 고정관념을 깬 보르도 TV를 출시하며 디자인 TV의 시대를 열었다.보르도 TV는 천편일률적이던 TV 디자인의 고정관념을 무너뜨리며 역사에 삼",2025-05-19T03:00:00+09:00,AI,2025-05-19T21:55:03.449134+09:00
밥·빵·파스타도 ‘이렇게’ 먹으면 살 안 찐다,https://www.donga.com/news/Economy/article/all/20250517/131624908/1,donga_tech,"<img align=""left"" hspace=""10"" src=""https://dimg.donga.com/i/150/150/90/wps/NEWS/IMAGE/2025/05/17/131624909.1.jpg"" vspace=""10"" /> 밥과 빵, 파스타 등 대표적인 탄수화물 음식도 조리 후 식혔다가 다시 데우는 과정을 거치면 혈당 급등을 막고 장 건강을 개선하는 음식이 된다는 전문가 조언이 나왔다.12일(현지시각) 미국 경제지 포춘의 건강 전문 사이트 포춘 웰이 존스홉킨스의대 연구진을 인용해 보도한 바에 따르면 밥, 빵, 파스타, 감자 등 특정 탄수화물을 요리하고 식힌 후 다시 가열하는 과정에서 생성되는 ‘저항성 전분’이 혈당 급등을 막고, 장내 유익균의 먹이 역할을 하는 것으로 나타났다.존스홉킨스의대 연구진은 “저항성 전분은 소장에서 소화되지 않고 대장에서 발효되는 탄수화물로, 섬유질이 발효되면서 프리바이오틱스 역할을 해 장내 유익균의 먹이가 된다”라며 “또 일반적으로 포도당으로 분해되는 전분과 달리, 저항성 전분은 소장에서 소화되지 않기 때문에 포도당 수치를 높이지 않는다”고 밝혔다.이어 “저항성 전분은 포만감 증가, 변비 치료 및 예방, 콜레스테롤 감소, 대장암 위험 감소 등의 이점을 줄 수 있다”",2025-05-17T17:02:00+09:00,AI,2025-05-19T21:55:03.472123+09:00
“6개월에 22kg 감량…달리면서 얻는 선순환 효과 너무 좋아요”[양종구의 100세 시대 건강법],https://www.donga.com/news/It/article/all/20250516/131606451/1,donga_tech,"<img align=""left"" hspace=""10"" src=""https://dimg.donga.com/i/150/150/90/wps/NEWS/IMAGE/2025/05/16/131606476.1.jpg"" vspace=""10"" />2018년 8월. 허벌라이프에서 실시한 90일 익스트림 바디체인지 시즌4가 열렸다. 마침 병원에서 살을 빼라고 해 다이어트를 하고 있던 상황. 당시 가정주부였던 이호영 씨(45)는 마음을 단단히 먹고 이벤트에 참여했다. 그리고 바디체인지 ‘톱10’에 들어 결선에 오르면서 인생이 완전히 바뀌었다. 몸이 변하자 주위의 시선이 달라졌다. 자신감도 충만해졌다. 좋은 몸매를 유지하기 위해 더 운동에 더 매진하고 있다.“38세에 자다가 심장이 아파 깜짝 놀랐죠. 무슨 병은 아닐까 걱정하며 병원에 갔어요. 그런데 의사가 운동하라는 겁니다. 당시 줌바를 하고 있었던 저로선 당황했죠. 사실 그때 한 2년 운동을 열심히 하고 있었거든요. 어쨌든 비만에 의한 지방간에 체지방, 콜레스테롤 등 수치가 모두 안 좋게 나와 살을 빼라고 했죠. 그래서 ‘이래선 안 되겠다’는 생각에 독한 마음을 먹고, 다이어트와 운동을 병행하기로 마음먹었죠. 그때 우연히 바디체인지 대회가 열리는 것을 알게 돼 저의 승부욕을 자극",2025-05-17T12:00:00+09:00,AI,2025-05-19T21:55:03.477117+09:00
“소음 속 머리카락 끊기는 소리도 구별”… 로봇-드론에 장착해 활용[허진석의 톡톡 스타트업],https://www.donga.com/news/It/article/all/20250517/131623060/2,donga_tech,"<img align=""left"" hspace=""10"" src=""https://dimg.donga.com/i/150/150/90/wps/NEWS/IMAGE/2025/05/17/131621597.4.jpg"" vspace=""10"" />서울 송파구에 있는 스타트업 로아스(LOAS)는 독특한 기술을 보유하고 있다. 제품이나 설비의 불량으로 인해 나는 미세한 소리를 찾아내는 음향 탐지·추적·검사 기술이다. 주변에 잡음이 있더라도 작동한다. 음향으로 불량 여부를 판단하는 기술인데, 국내는 물론 세계에서도 아직 이런 기술을 갖춘 곳은 없다는 것이 로아스 측 설명이다. 모든 제조업체는 불량품을 내보내지 않는 것이 사업에 절대적으로 유리하다. 무상 보증 기간에 고장이 나지 않으면 애프터서비스에 들어가는 인력과 비용을 크게 줄일 수 있다. 최고급 브랜드를 만들고 싶은 기업이라면 고장이 발생할 가능성까지 미리 찾아내 예방해야 한다.“첨단의 시대라지만 대부분의 가전제품 공장에서는 최종 공정에서 시험작동 중인 제품에 사람이 귀를 갖다 대고 이상한 소리가 나는지 살펴봐요. 수십 미터 컨베이어 벨트 위에 공기청정기가 흘러가면, 그 옆을 따라 작업자가 제품을 껴안고 걸어가면서 ‘찌직’ ‘틱, 틱’ 같은 소리에 집중하며 불량품을 골라냅니다",2025-05-17T01:40:00+09:00,AI,2025-05-19T21:55:03.493626+09:00
[투자를IT다] 2025년 5월 2주차 IT기업 주요 소식과 시장 전망,https://it.donga.com/106963/,itdonga,"<p>
 [IT동아 강형석 기자] 투자를 하려면 기업, 금융가 정보 등 다양한 정보에 관심을 가져야 된다. 기업이 발표한 실적과 뉴스에 대한 시장 판단이 투자 흐름에 영향을 주기 때문이다. 기업의 주가 흐름이 좋은지 아닌지 판단하려면 시장의 상황도 면밀히 파헤쳐야 된다.
</p>
<p>
 [투자를IT다]는 IT동아가 다루는 주요 IT 기업의 뉴스와 시장 분석을 통해 최대한 많은 정보를 제공하자는 취지로 마련했다. 2025년 5월 2주차 IT 산업에 어떤 일이 있었는지 주요 기업 소식과 시장 흐름을 정리했다.
</p>
<p>
 [투자를 유도하는 게 아니며 모든 자료는 참고용으로 작성됐습니다. 모든 매매에 대한 선택과 결과에 따른 책임은 투자자 본인에게 있습니다.]
</p>
<h3>
 AMD – 사우디 인공지능 기업 휴메인과 100억 달러 규모 협력
</h3>
<p>
 2025년 5월 13일(사우디아라비아 현지 기준), AMD는 사우디아라비아 인공지능 기업 휴메인(Humain)과 향후 5년간 100억 달러 규모 인공지능 인프라 구축에 협력하는 계약에 서명했다. 두 기업의 협력으로 구축되는 인공지능 인프라로 전 세계 인텔리전스의 미래를 주도한다는 계획이다. 데이터 센터는 500메가와트(MW) 규모다.
</p>
<p>
 <figure>
  <img alt=""AMD와 사우디 휴메인이 100억 달러 규모 인공지능 인프라 구축에 협의했다 / 출처=AMD"" src=""https://it.donga.com/media/__sized__/images/2025/5/16/ee20164108694aaf-thumbnail-1920x1080-70.jpg"" />
  <figcaption>
   AMD와 사우디 휴메인이 100억 달러 규모 인공지능 인프라 구축에 협의했다 / 출처=AMD
  </figcaption>
 </figure>
</p>
<p>
 데이터 센터는 개방형 설계 기반으로 대규모 접속을 지원하고 기업, 스타트업 및 국가 시장 전반의 인공지능 언어모델을 구동할 수 있도록 최적화된다. 휴메인은 하이퍼스케일 데이터센터, 지속 가능한 전력 시스템, 글로벌 파이버(광 전송 트랜시버) 상호연결을 포함한 자재 공급을 총괄한다. AMD는 인공지능 컴퓨팅 포트폴리오 전 영역과 개방형 소프트웨어 생태계를 제공한다.
</p>
<p>
 리사 수(Lisa Su) AMD 최고경영자(CEO)는 ""AMD는 전 세계 모든 개발자, 인공지능 스타트업 및 기업에 개방형 고성능 컴퓨팅을 제공함으로써 인공지능의 미래를 모든 곳에서 실현한다는 목표를 가지고 있다. 휴메인에 대한 투자는 글로벌 인공지능 인프라 발전에 있어 중요한 이정표다. 뛰어난 성능, 개방성을 제공하는 인공지능 플랫폼을 구축할 계획""이라고 말했다.
</p>
<h3>
 엔비디아 – 사우디 휴메인과 미래형 인공지능 공장 구축 파트너십 체결
</h3>
<p>
 2025년 5월 15일(사우디아라비아 현지 기준), AMD에 이어 엔비디아도 사우디아라비아 인공지능 기업 휴메인과 전략적 파트너십을 체결했다. 이번 파트너십을 통해 1만 8000대 규모의 GB300(그레이스 블랙웰) 칩이 사우디아라비아로 수출될 예정이다. 두 기업은 사우디아라비아 비전 2030 목표에 따라 인공지능, 그래픽 처리장치(GPU) 클라우드 컴퓨팅, 디지털 전환 분야의 혁신과 성장 관련 협력에도 합의했다.
</p>
<p>
 <figure>
  <img alt=""엔비디아가 사우디 휴메인과 인공지능 공장 구축 파트너십을 체결했다 / 출처=엔비디아"" src=""https://it.donga.com/media/__sized__/images/2025/5/16/429354e9b3fa4d0a-thumbnail-1920x1080-70.jpg"" />
  <figcaption>
   엔비디아가 사우디 휴메인과 인공지능 공장 구축 파트너십을 체결했다 / 출처=엔비디아
  </figcaption>
 </figure>
</p>
<p>
 엔비디아 칩 기반 데이터 센터도 AMD처럼 500메가와트 규모다. 국가, 기관 등이 주축이 되어 운영하는 소버린 인공지능(Sovereign AI) 모델의 훈련과 배포를 위한 인프라를 제공한다. 사우디아라비아 외에도 전 세계 산업의 혁신과 디지털 전환을 가속할 수 있도록 지원할 예정이다.
</p>
<p>
 젠슨 황(Jensen Huang) 엔비디아 CEO는 “인공지능은 전기와 인터넷처럼 모든 국가에 필수적인 인프라다. 엔비디아는 사우디아라비아 국민과 기업이 대담한 목표를 실현할 수 있도록 휴메인과 함께 인공지능 인프라를 구축할 것”이라고 말했다.
</p>
<h3>
 시스코 – 2025년 1분기 실적 공개
</h3>
<p>
 2025년 5월 15일(미국 현지 기준), 네트워크 설루션 기업 시스코가 2025년 1분기(회계연도 2025년 3분기) 실적을 공개했다. 총매출 141억 달러(약 19조 6342억 원)로 시장이 예상한 140억 4000만 달러(약 19조 4950억 원)를 상회했다. 네트워킹 부분이 70억 6800만 달러(약 9조 8725억 원)로 전년 동기 대비 8% 상승했고 보안 부문 매출도 20억 1300만 달러(약 2조 8117억 원)로 전년 동기 대비 54% 상승했다. 제품과 서비스 부문도 각각 20억 7520만 달러(약 2조 8986억 원)와 20억 9150만 달러(약 2조 9214억 원)를 기록하며 전년 동기 대비 5%~10% 상승했다.
</p>
<p>
 <figure>
  <img alt=""시스코가 2025년 1분기(회계연도 2025년 3분기) 실적을 공개했다 / 출처=시스코"" src=""https://it.donga.com/media/__sized__/images/2025/5/16/a6c27ac5f830469e-thumbnail-1920x1080-70.jpg"" />
  <figcaption>
   시스코가 2025년 1분기(회계연도 2025년 3분기) 실적을 공개했다 / 출처=시스코
  </figcaption>
 </figure>
</p>
<p>
 시장이 주목한 것은 제품 주문량 증가다. 시스코는 총 제품 주문이 전년 대비 20% 증가했다고 언급했다. 인공지능 시장 성장에 따른 결과다. 공공 부문 제품 주문이 8%, 미국 정부 제품 수주는 두 자릿수 이상 증가했다. 시스코도 사우디아라비아 휴메인과 투자 프로그램을 유치에 합의했다. AMD와 엔비디아가 구축할 데이터 센터에 네트워크 인프라 장비를 공급할 예정이다.
</p>
<p>
 척 로빈스(Chuck Robbins) 시스코 CEO는 “인공지능은 시스코에 기회를 제공하고 있다. 이 기회를 활용해 인공지능 교육, 추론망 구축 부문의 핵심 공급자로 나설 계획이다. 인공지능 에이전트와 애플리케이션이 확대되면 초고속, 저지연, 효율적인 네트워크가 필요하다. 이것은 시스코만 제공할 수 있다”고 말했다.
</p>
<h3>
 트럼프 관세 불확실성, 사우디 매출로 상쇄할까?
</h3>
<p>
 2025년 5월 14일, 트럼프 대통령은 사우디아라비아를 국빈 방문했다. 이 과정에서 AMD, 엔비디아, 시스코는 사우디아라비아 공공투자 기금이 설립한 인공지능 기업 휴메인과 파트너십을 체결했다. AMD와 엔비디아는 500메가와트 규모의 데이터 센터를 구축할 예정이다. 트럼프 대통령 중동 국가 순방을 통해 “나는 인공지능을 믿는다. 그러나 인공지능 개발의 투자는 미국에 기반을 둔 기업을 통해 진행될 것”이라고 말하며 인공지능 반도체 기업에 힘을 실어줬다.
</p>
<p>
 데이터 센터 구축에는 데이터 연산을 위한 컴퓨팅 시스템, 데이터 전송에 필요한 네트워크 장비가 설치된다. 휴메인의 데이터 센터 구축 사업에 시스코가 참여함으로써 향후 네트워크 장비 시장 성장에 대한 가능성을 열었다. 트럼프 관세 정책으로 2025년 2분기 실적 예상치를 보수적으로 설정한 투자 시장이 반응할 가능성이 있다.
</p>
<p>
 2025년 5월 12일, 미국과 중국이 관세 적용을 90일 유예하는 것에 합의하면서 시장의 긴장감은 완화됐다. 추가로 2025년 5월 14일, 미국 상무부는 바이든 행정부 시기에 도입된 ‘인공지능 확산 규제(AI Diffusion Rule)’를 공식 폐지함으로써 인공지능 반도체 시장 성장 가능성을 열었다. 다만, 미국 상무부는 새로운 인공지능 반도체 수출 통제 규정을 다시 만들 것이라 언급해 불확실성을 남겼다.
</p>
<p>
 인공지능 확산 규제는 전 세계를 3개 그룹으로 나눠 인공지능 반도체 수출을 제한 혹은 금지하는 것을 골자로 한다. 우리나라를 포함한 일본, 대만, 영국, 호주, 캐나다 등 18개국은 인공지능 반도체 수입이 자유롭다. 반면 나머지 국가는 인공지능 반도체를 수입하려면 수량에 따라 수입 허가를 받아야 한다. 고성능 제품 수입에도 제약이 있다. 당장 규제가 해제됨으로써 일부 국가를 상대로 인공지능 처리장치 판매가 확대될 것으로 예상된다. 이는 투자 시장에서 긍정적으로 받아들일 가능성이 높다.
</p>
<p>
 [투자를 유도하는 게 아니며 모든 자료는 참고용으로 작성됐습니다. 모든 매매에 대한 선택과 결과에 따른 책임은 투자자 본인에게 있습니다.]
</p>
<p>
 IT동아 강형석 기자 (redbk@itdonga.com)
</p>",2025-05-16T18:57:43+09:00,AI,2025-05-19T21:54:50.971393+09:00
[생성AI 길라잡이] LLM 받아 무료·오프라인으로 쓰는 LM스튜디오,https://www.donga.com/news/It/article/all/20250516/131622612/1,donga_tech,"<img align=""left"" hspace=""10"" src=""https://dimg.donga.com/i/150/150/90/wps/NEWS/IMAGE/2025/05/16/131622571.1.jpg"" vspace=""10"" />※생성 인공지능이 세계를 뜨겁게 달굽니다. 사람만큼, 더러는 사람보다 더 그림을 잘 그리고 글을 잘 쓰는 생성 인공지능. 생성 인공지능을 설치하고 활용하는 방법과 최신 소식을 매주 전합니다.2023년쯤, 필자는 해외 출장이나 이동 시에도 원활하게 자료를 조사할 수 있도록 ‘키윅스’라는 소프트웨어를 활용했다. 키윅스는 특정 데이터베이스를 모두 저장하는 소프트웨어로 위키피디아나 스택 오버플로 등을 오프라인으로 이용할 때 쓰인다. 인터넷 접속이 불가능한 환경에서도 방대한 분량의 데이터를 쓸 수 있고, 별도의 비용도 들지 않는다. 챗GPT가 등장한 것은 그 해 9월의 일이다.하지만 챗GPT가 등장했음에도 당장은 키윅스를 활용했었다. 우리가 일반적으로 활용하는 오픈AI의 챗GPT나 구글 제미나이, 앤스로픽의 클로드, 퍼플렉시티 등의 대형언어모델(LLM)은 기본적으로 온라인 서비스다. 웹페이지를 통해 해당 서비스에 접속한 뒤 질문하면, 질문 내용이 서버를 거쳐 처리된 뒤 돌아온다. 내 컴퓨터에",2025-05-16T18:05:00+09:00,AI,2025-05-19T21:55:03.509610+09:00
[생성AI 길라잡이] LLM 받아 무료·오프라인으로 쓰는 LM스튜디오,https://it.donga.com/106958/,itdonga,"<p>
 ※생성 인공지능이 세계를 뜨겁게 달굽니다. 사람만큼, 더러는 사람보다 더 그림을 잘 그리고 글을 잘 쓰는 생성 인공지능. 생성 인공지능을 설치하고 활용하는 방법과 최신 소식을 매주 전합니다.
</p>
<p>
 [IT동아 남시현 기자] 2023년쯤, 필자는 해외 출장이나 이동 시에도 원활하게 자료를 조사할 수 있도록 ‘키윅스’라는 소프트웨어를 활용했다. 키윅스는 특정 데이터베이스를 모두 저장하는 소프트웨어로 위키피디아나 스택 오버플로 등을 오프라인으로 이용할 때 쓰인다. 인터넷 접속이 불가능한 환경에서도 방대한 분량의 데이터를 쓸 수 있고, 별도의 비용도 들지 않는다. 챗GPT가 등장한 것은 그 해 9월의 일이다.
</p>
<p>
 <figure>
  <img alt=""LM스튜디오는 오픈소스 LLM을 통째로 다운로드해 대화형 생성 AI로 활용하는 프로그램이다 / 출처=IT동아"" src=""https://it.donga.com/media/__sized__/images/2025/5/16/b563c4ade98947c9-thumbnail-1920x1080-70.jpg"" />
  <figcaption>
   LM스튜디오는 오픈소스 LLM을 통째로 다운로드해 대화형 생성 AI로 활용하는 프로그램이다 / 출처=IT동아
  </figcaption>
 </figure>
</p>
<p>
 하지만 챗GPT가 등장했음에도 당장은 키윅스를 활용했었다. 우리가 일반적으로 활용하는 오픈AI의 챗GPT나 구글 제미나이, 앤스로픽의 클로드, 퍼플렉시티 등의 대형언어모델(LLM)은 기본적으로 온라인 서비스다. 웹페이지를 통해 해당 서비스에 접속한 뒤 질문하면, 질문 내용이 서버를 거쳐 처리된 뒤 돌아온다. 내 컴퓨터에서 처리되는 게 아니어서 인터넷 없이는 쓸 수 없다. 입력하는 문서나 개인정보 등을 수집하는 것도 단점이다.
</p>
<h3>
 오프라인·무료 LLM 기능 제공하는 ‘LM스튜디오’
</h3>
<p>
 <figure>
  <img alt=""운영체제는 윈도우, 맥OS, 리눅스를 지원한다 / 출처=IT동아"" src=""https://it.donga.com/media/__sized__/images/2025/5/16/c8559e9dff8547b6-thumbnail-1920x1080-70.jpg"" />
  <figcaption>
   운영체제는 윈도우, 맥OS, 리눅스를 지원한다 / 출처=IT동아
  </figcaption>
 </figure>
</p>
<p>
 2025년 현재, 기자는 더 이상 키윅스를 쓰지 않고 LM스튜디오를 사용한다. LM스튜디오는 2024년 0.2.14 버전 공개를 시작으로 대중에 알려졌으며, 최신 버전은 0.3.15 버전이다. 운영체제는 윈도우와 맥OS, 리눅스 운영체제를 지원한다. 사용자는 LM스튜디오 홈페이지를 방문해 무료로 LM스튜디오를 다운로드하고 본인이 원하는 LLM 모델을 설치하면 오프라인으로 대화형 생성 AI를 쓸 수 있다.
</p>
<p>
 <figure>
  <img alt=""메인 화면에서 좌측 메뉴의 돋보기 아이콘을 누르면 설치할 수 있는 LLM 모델 목록이 나온다. 우측 아래에서 용량을 확인한 뒤 다운로드하자 / 출처=IT동아"" src=""https://it.donga.com/media/__sized__/images/2025/5/16/0df76fcffa9c4396-thumbnail-1920x1080-70.jpg"" />
  <figcaption>
   메인 화면에서 좌측 메뉴의 돋보기 아이콘을 누르면 설치할 수 있는 LLM 모델 목록이 나온다. 우측 아래에서 용량을 확인한 뒤 다운로드하자 / 출처=IT동아
  </figcaption>
 </figure>
</p>
<p>
 현재 사용할 수 있는 모델은 알리바바의 큐웬(Qwen)3 0.6B, 1.7B, 4B나 구글 젬마(Gemma) 1B, 4B, 12B QAT, 딥시크 R1 7B, Llama 3.1 8B 같은 작은 모델부터 큐웬 30B, 235B, 라마 3.3 70B 같은 중대형 LLM 모델까지 선택할 수 있다. 1B 단위는 10억 개의 매개변수를 의미하며, 70B나 235B처럼 매개변수가 700억 개에서 2350억 개 수준으로 많을수록 자세하고 높은 정확도를 제공한다. 이외에도 스테이블 디퓨전용 스테이블 코드나 코히어 커맨드 R v0.1 4비트, 파이 3 미니 4K 등 특수 기능 및 추론을 위한 개발자용 모델도 제공된다.
</p>
<p>
 <figure>
  <img alt=""목록에 있는 LLM은 무료로 이용할 수 있는 오픈소스 모델이므로 별 다른  절차 없이 다운로드해서 쓸 수 있다 / 출처=IT동아"" src=""https://it.donga.com/media/__sized__/images/2025/5/16/3ae40a3fbb394d2f-thumbnail-1920x1080-70.jpg"" />
  <figcaption>
   목록에 있는 LLM은 무료로 이용할 수 있는 오픈소스 모델이므로 별 다른  절차 없이 다운로드해서 쓸 수 있다 / 출처=IT동아
  </figcaption>
 </figure>
</p>
<p>
 처음 LM스튜디오를 설치하면 2025년 5월 기준으로는 딥시크 R1 모델 설치를 추천한다. 바로 서비스를 활용하고 싶다면 ‘Get your first LLM’을 눌러 해당 서비스를 설치하고, 다른 모델을 쓰고 싶다면 상단의 ‘Skip onboarding’을 선택하면 바로 메인 화면으로 넘어간다.
</p>
<p>
 LM스튜디오는 LLM 모델이 구동하는데 필요한 모든 데이터를 다운로드해서 쓴다. 저장 공간도 소형 모델은 1.5~5GB 내외지만, 대형 모델은 40~120GB가 필요하다. 또한 저장된 데이터 내에서만 답할 수 있으며 모델이 학습된 시기까지의 정보만 찾을 수 있다. 정확한 대답을 원할수록 최신 모델의 대형 모델을 사용하는 것이 좋다. 모델 구동 시 최소 16GB의 시스템 메모리가 권장되며, CPU와 GPU가 빠를수록 처리하는 속도도 빠르다.
</p>
<p>
 인터넷 연결 없이 쓸 수 있다는 점 하나만으로 매력적이다 / 출처=IT동아
</p>
<p>
 <figure>
  <img alt=""좌측은 실제로 문서 요약을 주문한 결과고, 오른쪽은 개발 환경 메뉴다 / 출처=IT동아"" src=""https://it.donga.com/media/__sized__/images/2025/5/16/41f2bff3dcb94754-thumbnail-1920x1080-70.jpg"" />
  <figcaption>
   좌측은 실제로 문서 요약을 주문한 결과고, 오른쪽은 개발 환경 메뉴다 / 출처=IT동아
  </figcaption>
 </figure>
</p>
<p>
 활용 방법은 챗GPT와 동일하다. 상단의 연보라색 창에서 다운로드한 LLM 모델을 선택한 뒤, 하단의 ‘Type a message and press Enter to send …’에 명령어를 입력한다. 영문 서비스에 영문 모델을 활용하지만 모델에 따라서 한국어를 써도 인식한다. 메타 Llama의 경우 한국어 입력과 명령을 지원하고 한글 문서를 번역하거나 요약할 수 있다.
</p>
<p>
 LM스튜디오에 메타 Llama-3.1-8B-instruct 모델을 설치해 활용했다. 일반 LLM처럼 백과사전 형태로 내용을 질문해도 되고, PDF 파일 등을 제공하고 요약이나 검색할 수 있다. 해당 모델은 2023년 12월까지 학습돼 트럼프 대통령 당선이나 인도-파키스탄 분쟁처럼 2024년 이후 소식을 물어보면 답변을 못한다. 최신 학술 정보 등을 다뤄야 한다면 모델의 학습 시기도 고려해서 받아야 한다. 개발자라면 LLM을 독자 개발하거나 허깅페이스 등에서 새로 출시된 모델을 다운로드하는 용도로도 쓸 수 있다.
</p>
<h3>
 PC 성능 영향 크고, 배터리 소모 적지않아
</h3>
<p>
 <figure>
  <img alt=""좌측은 두 장 짜리 영문 카탈로그다. LM스튜디오 모델로 이를 요약하는데 30초가 걸린 반면 구글 재미나이 플래시 2.0은 7초밖에 걸리지 않았다 / 출처=IT동아"" src=""https://it.donga.com/media/__sized__/images/2025/5/16/0818cfd9cb1e4289-thumbnail-1920x1080-70.jpg"" />
  <figcaption>
   좌측은 두 장 짜리 영문 카탈로그다. LM스튜디오 모델로 이를 요약하는데 30초가 걸린 반면 구글 재미나이 플래시 2.0은 7초밖에 걸리지 않았다 / 출처=IT동아
  </figcaption>
 </figure>
</p>
<p>
 LM스튜디오의 가장 큰 장점은 무제한, 무료 LLM 사용이다. 하지만 서버에서 자원을 끌어다 쓰는 일반 LLM과 달리, 메모리와 CPU, GPU 성능에 따른 속도 차이가 크다. 예를 들어 인텔 코어 울트라 시리즈 2 7 258V 16GB 탑재 모델 노트북으로 두 장 짜리 PDF 파일의 번역했을 때 걸린 시간은 약 30초였다. 소형 모델인 만큼 도표를 별도로 정리하는 등의 기능은 없었다. 같은 문서를 구글 제미나이 2.0 플래시에 입력했을 때 소요된 시간은 7초 남짓이었고, 정확한 내용과 도표 정리까지 이뤄졌다.
</p>
<p>
 즉 LM스튜디오는 구형 저사양 노트북으로는 쓰기 어렵다. 연산 처리량이 상당하기 때문에 배터리도 더 빨리 소모된다. 서버로 연결해서 사용하는 LLM은 네트워크만 받아오기 때문에 컴퓨터 성능이나 배터리 소모 걱정이 적다. 원활하게 사용하려면 최소한 엔비디아 RTX 20 시리즈 이상 외장 그래픽을 탑재한 노트북이 권장되며, 업무용 노트북이라면 인텔 코어 울트라 시리즈 1 및 AMD 라이젠 AI 5 이상의 최신 프로세서 탑재 제품이 좋다.
</p>
<h3>
 보안 환경, 무제한 이용 누리고 싶다면 추천
</h3>
<p>
 <figure>
  <img alt=""인터넷 연결 없이 쓸 수 있다는 점 하나만으로 매력적이다 / 출처=IT동아"" src=""https://it.donga.com/media/__sized__/images/2025/5/16/e3d448b012874836-thumbnail-1920x1080-70.jpg"" />
  <figcaption>
   인터넷 연결 없이 쓸 수 있다는 점 하나만으로 매력적이다 / 출처=IT동아
  </figcaption>
 </figure>
</p>
<p>
 LM스튜디오는 서버와 소통하는 일반 LLM과 달리 데이터를 모두 저장한다. 즉 인터넷을 연결할 수 없는 보안 환경에서도 데이터 유출 걱정 없이 쓸 수 있다. 모르는 것을 물어보거나 파일을 축약하고, 문장을 번역하는 등의 보편적인 LLM 사용부터 개발자용 코딩 등의 용도로 쓰기 좋다. 최신 버전을 기준으로 이미지는 인식하지 못하며, 이미지 생성도 할 수 없다. 자료의 출처도 확인할 수 없으며 데이터가 부족하면 거짓말을 하기도 한다.
</p>
<p>
 컴퓨터 성능에 따른 영향이나 이미지 인식이 안된다는 단점은 있지만, 인터넷 연결 없이 무료로 쓸 수 있다는 점 하나가 모든 단점을 상쇄한다. 무료로 최신 버전을 쓸 수 있고, 질문 횟수 등도 제약이 없다. 모델에 따라 토큰 제한이 걸릴 수 있지만 사소한 문제다. 온디바이스 AI라는 콘셉트에 맞게 인터넷 연결 없이도 대화형 생성AI를 사용하고 싶다면 지금 설치해 보자.
</p>
<p>
 IT동아 남시현 기자 (sh@itdonga.com)
</p>",2025-05-16T18:01:30+09:00,AI,2025-05-19T21:54:50.973392+09:00
"삼성전자 'AI 통버블 세탁기' ... AI 맞춤세탁, 세탁물 무게∙옷감 종류 맞춰 급수량과 헹굼 시간 조절",https://www.aitimes.kr/news/articleView.html?idxno=34964,aitimes,"삼성전자가 강력한 인공지능 기능을 탑재한 2025년형 전자동 세탁기 'AI 통버블 세탁기' 신제품을 출시했다.삼성전자는 드럼세탁기 '비스포크 AI 세탁기'에 이어 올인원 세탁건조기 '비스포크 AI 콤보'와 이번 'AI 통버블 세탁기'까지 선보이며, 세탁기 전 라인업에 AI를 적용해 'AI 가전=삼성'을 공고히 했다.2025년형 'AI 통버블 세탁기' 전 라인업은 세탁 성능을 높이는 것은 물론 에너지를 절약하고 소음과 진동까지 줄이는 다양한 AI 기술을 적용했다. 먼저 AI가 세탁물 무게와 종류에 맞게 급수량과 헹굼 시간 등을 조절해",2025-05-16T17:42:05+09:00,AI,2025-05-19T21:54:43.770779+09:00
"‘인공지능, 클라우드 버스 탔다’ 데이터 센터 네트워크 인프라 시장 상황은?",https://it.donga.com/106960/,itdonga,"<p>
 [IT동아 강형석 기자] 인공지능의 추론 계산량이 빠르게 증가하면서 기업들은 시설(인프라) 투자에 열을 올리고 있다. 메타는 2025년 중 인공지능 인프라 확보 목적으로 최대 720억 달러(약 94조 230억 원)를 투자하고, 구글도 인공지능 데이터센터에 최대 750억 달러(약 115조 7200억 원)를 지출할 예정이다. ▲소프트뱅크 ▲오픈AI ▲오라클 ▲엔비디아 ▲Arm ▲마이크로소프트 등으로 구성된 스타게이트 프로젝트는 총 사업규모가 5000억 달러(약 729조 3500억 원)에 달한다. 엄청난 비용 중 대부분은 시설과 장비 투자에 쓴다.
</p>
<p>
 2025년 3월 18일(미국 현지 기준) 개최된 GTC 2025 기조연설에 나선 젠슨 황(Jensen Huang) 엔비디아 최고경영자(CEO)는 “인공지능은 변곡점을 지나고 있다. 더 똑똑해지고 유용해졌다. 하지만 인공지능 모델을 훈련하는 데 필요한 추론 데이터의 양은 1년 사이에 급격히 증가했다. 데이터 센터 투자액 또한 2028년에는 1조 달러(약 1458조 7000억 원)에 달할 것으로 예상된다”고 말했다.
</p>
<p>
 사티아 나델라(Satya Nadella) 마이크로소프트 최고경영자(CEO)는 2025년 4월 30일 진행된 컨퍼런스 콜에서 “인공지능 언어 모델 성능은 매 6개월마다 2배씩 증가하고 있다. 2025년 6월 이후에는 인공지능 연산에 필요한 데이터 센터 용량에 제약이 발생할 것”이라고 말했다.
</p>
<p>
 앤디 재시(Andy Jassy) 아마존 CEO도 “아마존의 인공지능 잠재력을 완전히 구현하려면 클라우드 내에 인프라와 데이터가 있어야 한다. 2025년 하반기에는 용량을 늘려 더 많은 고객을 지원하고 사업 수익을 확보할 것”이라고 말했다.
</p>
<p>
 마이크로소프트, 구글, 아마존 등 인공지능 서비스 기반 대규모 데이터 센터와 클라우드 인프라를 갖춘 하이퍼스케일러(Hyperscaler)들은 폭발적으로 증가하는 인공지능, 클라우드 데이터를 처리하는 데 집중하고 있다. 하지만 단순히 저장공간을 늘리는 것으로 문제 해결은 불가능하다. 방대한 데이터를 빠르고 효율적으로 전송하는 기술이 필요하다. 네트워크 장비, 기술 시장이 함께 주목받는 이유다.
</p>
<h3>
 인공지능, 클라우드 환경 구축의 필수 시설 ‘데이터 센터’
</h3>
<p>
 데이터 센터는 컴퓨터, 네트워크 장비 등을 모아 놓은 건물 또는 장소를 의미한다. 우리가 가정, 직장 내에서 컴퓨터(PC) 1대~2대 가지고 작업을 하지만, 데이터 센터 내에는 수천 대에서 수십만 대에 달하는 컴퓨터가 모여 있다. 데이터 센터 내에 설치된 컴퓨터는 모두 거미줄처럼 연결되어 있는데 필요한 데이터를 단독 처리하거나 순차(병렬) 처리한다. 마치 PC로 구성된 거대한 두뇌인 셈이다.
</p>
<p>
 <figure>
  <img alt=""데이터 센터는 컴퓨터와 네트워크 장비가 대규모 시설 내에 구축되어 있다 / 출처=AMD"" src=""https://it.donga.com/media/__sized__/images/2025/5/16/3263e90aefa541f8-thumbnail-1920x1080-70.jpg"" />
  <figcaption>
   데이터 센터는 컴퓨터와 네트워크 장비가 대규모 시설 내에 구축되어 있다 / 출처=AMD
  </figcaption>
 </figure>
</p>
<p>
 데이터 센터의 역할은 다양하다. 데이터 저장, 수집, 처리 과정은 기본이고 시스템 자원을 외부에서 사용 가능하도록 도와준다. 넷플릭스 앱에 접속해 영화를 본다고 가정하자. 사용자는 앱에 접속해 원하는 콘텐츠를 감상하면 되지만 넷플릭스는 수많은 영상, 게임 콘텐츠를 전 세계에 설치된 데이터 센터 내에 저장한다. 앱으로 원하는 콘텐츠를 요청하면 데이터 센터는 요청한 콘텐츠를 찾아 사용자에게 전송한다.
</p>
<p>
 인공지능 서비스를 쓸 때도 마찬가지다. 사용자가 원하는 프롬프트(문자)를 입력해주면 사진영상, 검색 결과를 정리하는 등 원하는 결과물을 얻는다. 하지만 데이터 센터 내에서는 언어 모델이 저장된 자료를 계속 분석하고 학습하며 정확한 결과를 도출하는 데 집중한다. 마치 사람이 학습하는 것과 유사하다. 개인이 다루기 어려운 방대한 연산을 데이터 센터가 대신하고 있다.
</p>
<p>
 시장조사 기업 IDC와 씨게이트가 발간한 ‘데이터 시대 2025’에 따르면 2018년부터 2025년까지 전 세계 데이터 센터 저장 데이터 용량은 10배 이상 증가할 것으로 예상된다. 2025년까지 175제타바이트(ZB – 1750억 테라바이트)의 데이터가 저장된다는 이야기다. 현재 PC 저장장치 최대 전송속도를 초당 10기가바이트(GB)라 가정하면 모든 데이터를 내려받는 데 약 55만 4520년이 걸린다.
</p>
<h3>
 데이터를 빠르게 전송하는 네트워크 기술 개발 가속화
</h3>
<p>
 폭증하는 데이터 센터 내 인공지능 연산 결과물과 저장 데이터들을 적재적소에 전달하려면 초고속 네트워크 전송 기술이 필요하다. 하지만 데이터 센터 간 전송 외에도 일반 소비자에게 원활한 서비스를 제공하는 등 시장의 요구조건은 다양하고 복잡해졌다. 네트워크 시스템과 관련 인프라 구축에 대한 기업의 관심이 증가하는 이유다.
</p>
<p>
 <figure>
  <img alt=""엔비디아는 네트워크 전송 기술을 직접 개발, 데이터 전송 속도를 최적화했다 / 출처=엔비디아"" src=""https://it.donga.com/media/__sized__/images/2025/5/16/5bf5639975f84daf-thumbnail-1920x1080-70.jpg"" />
  <figcaption>
   엔비디아는 네트워크 전송 기술을 직접 개발, 데이터 전송 속도를 최적화했다 / 출처=엔비디아
  </figcaption>
 </figure>
</p>
<p>
 엔비디아는 스펙트럼(Spectrum)-X로 대응 중이다. 블랙웰 플랫폼에는 스펙트럼-X800 이더넷 스위치와 퀀텀(Quantum)-X800 스위치가 호흡을 맞춘다. 스펙트럼-X는 인공지능 가속기가 처리한 데이터를 순차적으로 처리했던 기존 네트워크 전송 방식이 아닌 가속기간 상호 연동을 통해 속도를 높인다. 빠른 데이터 전송을 위해 블루필드(BlueField)-3 네트워크 가속기(SuperNIC)를 쓴다. 이 장치는 1초에 400기가비트(Gb)를 전송할 수 있다. 초당 50기가바이트(GB) 전송이 가능한 성능이다. 스펙트럼-X800 스위치 장비는 64개 네트워크 단자를 제공하며 단자당 초당 800기가비트 데이터 전송을 지원한다.
</p>
<p>
 스펙트럼-X의 성능을 개선하면서 루빈 플랫폼이 적용되는 시점인 2026년에는 데이터 전송량을 최대 2배 끌어 올리는 게 엔비디아의 계획이다. 기기간 데이터 전송을 지원하는 NV링크(NVLink)도 6세대에서 초당 3600기가바이트를 전송하는 것을 목표로 개발을 진행하고 있다.
</p>
<p>
 <figure>
  <img alt=""AMD, 인텔, 네트워크 기업 등도 연합을 구성해 초고속 전송 기술 개발에 나섰다 / 출처=AMD"" src=""https://it.donga.com/media/__sized__/images/2025/5/16/3f838a15b75a4ff8-thumbnail-1920x1080-70.jpg"" />
  <figcaption>
   AMD, 인텔, 네트워크 기업 등도 연합을 구성해 초고속 전송 기술 개발에 나섰다 / 출처=AMD
  </figcaption>
 </figure>
</p>
<p>
 AMD도 인공지능 가속기에서 처리되는 데이터 전송 속도를 높이기 위해 초 가속 연결(Ultra Accelerator Link) 그룹을 결성했다. 인텔, 브로드컴, 마이크로소프트, 메타, 구글, HP 등 IT 기업이 참여해 데이터 센터 내 인공지능 시스템을 위한 고속ㆍ저지연 통신 기술을 논의한다. 이미 울트라 이더넷 컨소시엄(UE Consortium)을 통해 초기 기술을 개발했다. 1세대 고속 전송 기술은 인공지능 시스템 내에서 최대 1024개 가속 연결을 지원하고 각 장치간 메모리 접근 및 저장이 가능하다.
</p>
<h3>
 네트워크 인프라 기업의 2025년 1분기 실적 호조 ‘시장은 성장 중’
</h3>
<p>
 네트워크 기술과 함께 인프라(시설) 시장도 지속 성장 중이다. 네트워킹 및 광자학(포토닉스) 기술을 다루는 코히런트의 2025년 1분기 실적은 15억 달러로 이전 분기의 14억 4000만 달러(약 2조 102억 원)를 상회했다. 인공지능 데이터 센터와 통신 부문의 수요 상승이 실적을 견인했다. 2025년 2분기 실적 전망치도 14억 2500만 달러(약 1조 9887억 원)에서 15억 7000만 달러(약 2조 1910억 원)를 제안하며 시장 예상치 14억 7000만 달러(약 2조 515억 원)를 만족했다. 특히 광섬유로 800기가비트(100Gb x 8) 데이터 전송이 가능한 800G 트랜시버의 수요 증가가 예상됐다.
</p>
<p>
 데이터 센터 네트워크 스위치와 소프트웨어 설루션을 제공하는 아리스타 네트웍스도 2025년 1분기 매출 20억 1000만 달러(약 2조 8051억 원)를 기록하며 시장의 예상을 상회했다. 800기가비트 스위치 장비와 연결 플랫폼 등 인공지능 네트워크 인프라의 판매 확대가 실적에 영향을 줬다.
</p>
<p>
 네트워크 전문 기업 시스코 시스템즈도 2025년 1분기 실적을 공개했다. 매출 141억 달러(약 19조 6342억 원)로 이전 분기 140억 달러(약 19조 4950억 원) 대비 소폭 상승했지만 인공지능 인프라 부문 수주액이 10억 달러(약 1조 3925억 원)를 돌파한 것으로 알려지며 성장에 대한 기대감을 심어줬다. 척 로빈스(Chuck Robbins) 시스코 CEO는 “인공지능 시장 흐름이 강하게 유지되리라 믿는다. 시스코는 미래 성장을 위해 계속 투자할 것”이라고 말했다.
</p>
<p>
 하지만 트럼프 행정부의 무역 관세는 네트워크 인프라 기업 투자 심리의 변수로 작용하고 있다. 네트워크 인프라 기업은 모두 매출 증가에 자신감을 보이면서도 관세가 장기적으로 순이익에 영향을 줄 것으로 예상했기 때문이다. 트럼프 행정부가 국가 간 관세 협정을 어떻게 마무리하는가에 따라 투자 변동성이 발생할 전망이다.
</p>
<p>
 IT동아 강형석 기자 (redbk@itdonga.com)
</p>",2025-05-16T17:40:21+09:00,AI,2025-05-19T21:54:50.975395+09:00
"생성형 AI 딥페이크 이미지 및 영상 탐지로 진화...샌즈랩, 페이크체크 2.0 출시",https://www.aitimes.kr/news/articleView.html?idxno=34963,aitimes,"인공지능 보안 기술 전문 기업 샌즈랩(대표 김기홍)이 지난해 개방한 딥페이크 탐지 서비스 ‘페이크체크(fakecheck)’의 2.0 업데이트를 완료했다고 16일 밝혔다.페이크체크는 사용자가 직접 사이트에 접속해 딥페이크가 의심되는 이미지를 업로드하면 AI가 데이터 분석을 통해 수 초 내로 위조 진위 여부를 판별해 주는 온라인 서비스다. 국민 누구나 쉽게 서비스를 이용할 수 있도록 회원가입, 인증 등 번거로운 절차없이 PC나 모바일로 접속해 무료로 사용할 수 있다.이번 2.0 업데이트는 정교한 탐지를 위해 딥페이크 트렌드가 반영되도록",2025-05-16T17:33:30+09:00,AI,2025-05-19T21:54:43.771778+09:00
반도체 핵심기술 빼돌려 中 가려다…출국장서 잡혔다,https://www.donga.com/news/Society/article/all/20250516/131622171/2,donga_tech,"<img align=""left"" hspace=""10"" src=""https://dimg.donga.com/i/150/150/90/wps/NEWS/IMAGE/2025/05/16/131622167.3.jpg"" vspace=""10"" />국내 반도체 대기업 핵심 기술을 해외로 유출한 혐의를 받는 남성이 출국 직전 붙잡혔다.서울경찰청 산업기술안보수사대는 16일 40대 남성 A 씨를 부정경쟁방지 및 영업비밀보호에 관한 법률 위반(영업비밀 국외누설 등) 혐의로 구속해 검찰에 송치했다고 밝혔다.A 씨는 글로벌 반도체 기업에 정밀 부품을 납품하는 국내 업체에 재직했을 당시 고대역폭메모리(HBM) 반도체 패키징 기술을 해외로 유출하려 한 혐의를 받고 있다.A 씨는 지난 9일 중국으로 출국을 시도하던 중 인천국제공항에서 체포됐다. 이후 경찰은 지난 12일 서울중앙지법에서 구속영장을 발부받아 수사를 진행했다.A 씨가 유출하려 한 기술은 여러 개의 반도체 칩을 쌓아 묶는 후공정 기술로 용량과 성능을 동시에 끌어올릴 수 있다. 해당 기술은 인공지능(AI) 반도체 산업의 핵심 기술로 주목을 받고 있다.경찰은 A 씨가 중국 동종 경쟁사로 이직하거나 관련 회사를 차리려고 한 것은 아닌지 의심하고 있다.경찰은 A 씨가 올해 초 퇴사하면서 해",2025-05-16T17:11:00+09:00,AI,2025-05-19T21:55:03.510610+09:00
[기술영업人] 멀티채널 마케팅으로 해외 공략 가속화하는 '모빌린트'의 전략,https://it.donga.com/106955/,itdonga,"<p>
 [IT동아 남시현 기자] 21세기는 기술경쟁의 시대입니다. 수많은 빅테크 기업이 지금 이 순간도 기술과 제품을 놓고 전 세계 산업 현장에서 경쟁합니다. 그리고 이 경쟁의 현장이 바로 기술영업입니다. 기술영업은 기술적인 이해가 필요한 영업으로, 주로 기업 대 기업 간 영업에서 이뤄집니다. 기술영업 전선에서는 기업의 기술력과 실력으로 경쟁하고, 그 결과가 IT 기업이 움직이는 원동력이 됩니다. 오늘날 현장에서 기술영업人들이 어떻게 경쟁하는지, 기술과 기업, 사람을 들여다보겠습니다.
</p>
<p>
 “모빌린트 사업개발본부의 핵심 업무는 국내외 사업과 채널 파트너 관리 등입니다. 전략마케팅본부 및 경영지원본부와 협력하여 반도체 신제품의 공급망을 관리하고, 임베디드 시스템 및 소프트웨어 본부와도 긴밀히 협조하며 폭넓은 업무를 수행하고 있습니다. 관리조직은 소수정예로, 해외 파트너십은 다각적으로 운용하며 사업기회를 발굴하고 있습니다”
</p>
<p>
 <figure>
  <img alt=""김성모 모빌린트 사업개발본부 본부장을 모빌린트 본사 사무실에서 만났다 / 출처=IT동아"" src=""https://it.donga.com/media/__sized__/images/2025/5/16/f5d9290dab5b4b5a-thumbnail-1920x1080-70.jpg"" />
  <figcaption>
   김성모 모빌린트 사업개발본부 본부장을 모빌린트 본사 사무실에서 만났다 / 출처=IT동아
  </figcaption>
 </figure>
</p>
<p>
 김성모 모빌린트 상무는 현재 사업개발본부 본부장을 맡고 있다. 김성모 상무는 96년 12월 SK하이닉스의 전신인 현대전자에서 10여 년 간 비메모리, 시스템 LSI(메모리를 제외한 반도체 전반), 애플리케이션별 표준 제품(ASSP) 사업에 몸담았으며, 이후 엠텍비젼, 지니틱스, 라온피플 등을 거치며 중국 법인장부터 해외 영업까지 20여 년 이상 반도체 영업의 최전선을 지켜왔다.
</p>
<p>
 그러다 2022년 4월 모빌린트에 합류하면서 지금은 AI 반도체, 신경망 처리 장치(NPU)라는 새로운 사업 영역을 개척하고 있다. 김성모 상무를 통해 모빌린트의 조직 구조와 영업 방법론 등의 구체적인 사업 전략을 들어봤다.
</p>
<h3>
 모빌린트, 온프레미스 서버용 ‘에리스’, 온디바이스 엣지용 ‘레귤러스’로 경쟁
</h3>
<p>
 모빌린트는 2019년 설립된 AI 반도체 설계 기업으로 AI 딥러닝이 필요한 자율주행, 로봇, 스마트 팩토리, 스마트 시티, 다채널 카메라, CCTV, 서버 환경을 위한 PCIe 형태의 에리스(ARIES) AI 가속기와 온디바이스 AI 환경에 맞춰 단독 동작하는 레귤러스(REGULUS) 두 종류의 반도체를 필두로 국내외 AI 반도체 산업을 공략 중이다. 이중 에리스는 올해 양산을 시작했고, 레귤러스도 내년 양산화에 돌입하며 시장 공략에 박차를 가하고 있다.
</p>
<p>
 <figure>
  <img alt=""모빌린트의 주요 전력인 MLA100 PCIe 카드 / 출처=모빌린트"" src=""https://it.donga.com/media/__sized__/images/2025/5/16/4deef6f20aac4528-thumbnail-1920x1080-70.jpg"" />
  <figcaption>
   모빌린트의 주요 전력인 MLA100 PCIe 카드 / 출처=모빌린트
  </figcaption>
 </figure>
</p>
<p>
 김성모 상무가 이끌고 있는 사업개발본부는 경영지원본부, 전략마케팅본부, 연구소 조직과 협력 체제를 이룬다. 사업개발본부는 사업개발팀, 해외 지사, 공급망 관리 팀으로 구성되며, 연구소는 칩 전반을 담당하는 SoC(시스템온칩), 컴파일러, 알고리즘, 소프트웨어 및 임베디드 시스템팀으로 구성된다. 특히 사업개발팀은 국내, 해외 구분 없이 사업을 진행하고, 필요에 따라서는 현지 인력도 채용하는 편이다.
</p>
<p>
 <figure>
  <img alt=""에리스 및 레귤러스의 주요 사양 / 출처=모빌린트"" src=""https://it.donga.com/media/__sized__/images/2025/5/16/35ea15c5e5de4f47-thumbnail-1920x1080-70.jpg"" />
  <figcaption>
   에리스 및 레귤러스의 주요 사양 / 출처=모빌린트
  </figcaption>
 </figure>
</p>
<p>
 김성모 상무에게 제품이 겨냥한 시장을 물었다. 김성모 상무는 “에리스는 삼성전자 14나노미터 공정 기반의 AI 딥러닝 가속기로, 서버 등에서 대규모 데이터 처리, 실시간 추론 조건에 맞는 PCIe 카드, 소형 임베디드용 MXM 및 엣지 박스 형태로 제공된다. 엔비디아의 온프레미스 서버용 그래픽카드나 오린 AGX 등 엣지 컴퓨팅 장치를 대체하는 용도로 제안 중”이라고 설명했다.
</p>
<p>
 이어서 “레귤러스는 TSMC 12나노미터 기반에 단독 구동을 지원하는 저전력 소형칩이다. 경쟁 제품들인 AP가 3TOPS(초당 3조 회 연산)인 반면 10TOPS 수준으로 AI 딥러닝 성능에 강점을 가지며, 엔비디아 오린 NX와 나노의 저전력 대체제로 제안한다”라고 소개했다.
</p>
<h3>
 “중요한 것은 신뢰··· 철저히 준비 후 시장 도전”
</h3>
<p>
 김성모 상무에게 두 제품의 시장 경쟁력 그리고 시장 대응 전략에 대해 각각 질문했다. 김성모 상무는 “에리스는 대형언어모델(LLM) 처리를 지원해 AI 상담이나 챗봇, 키오스크의 언어 인식 기기로 쓸 수 있다”라면서, “개념 증명(PoC)은 스마트팩토리 분야에서 하이비전시스템, 오토닉스, 라온피플, 물류 로봇 분야에서 도구공간, 드론 산업에서 다온아이앤씨, 스마트홈 및 사물인터넷 분야에서 노타, 고퀄 등과 진행 중”이라 덧붙였다.
</p>
<p>
 <figure>
  <img alt=""지난 2월 26일, 드론 군집비행 기술력을 보유한 다온아이앤씨와 공동개발을 위한 양해각서를 체결하기도 했다 / 출처=모빌린트"" src=""https://it.donga.com/media/__sized__/images/2025/5/16/092ed2f03c4946c2-thumbnail-1920x1080-70.jpg"" />
  <figcaption>
   지난 2월 26일, 드론 군집비행 기술력을 보유한 다온아이앤씨와 공동개발을 위한 양해각서를 체결하기도 했다 / 출처=모빌린트
  </figcaption>
 </figure>
</p>
<p>
 모빌린트는 다양한 활용 사례와 개념증명을 활용해 해외 시장에 채널 마케팅을 진행 중이다. 김성모 상무는 “비즈니스의 핵심은 신뢰이고, 동일한 건에 대해 세 번의 약속을 어기면 믿음이 깨진다. 그 고객뿐만 아니라 동종 업계에도 영향이 미친다. 그래서 이전에는 제품 개발과 소프트웨어 개발 도구 구축, 고객 PoC에 사업 역량이 집중됐고, 제품 양산 6개월 전인 작년 6월부터 본격적인 마케팅이 시작됐다”라며 설명을 시작했다.
</p>
<p>
 이어서 “해외 마케팅은 작년 8월부터 시작했다. 글로벌 전시회나 세미나를 통해 잠재 고객을 확보하고, 웹사이트 등을 통해 제품을 소개했다. 올해 CES(소비자 가전 전시회)에서는 라이브 스트리밍으로 LLM 가동을 시연하기도 했다”라고 마케팅 전략을 소개했다.
</p>
<h3>
 현지 전문 파트너 활용하는 ‘채널 마케팅’이 사업 전략
</h3>
<p>
 기업이 고객사에 직접 연락하는 아웃바운드 비즈니스는 현지 유통사를 활용한다. 김성모 상무는 “대형 고객, 기술 가치가 높은 고객은 직접 관리하고, 해외 사업은 현지 유통사와 협력 구도로 진행한다. 일본에는 두 개의 유통사를 구축해 잠정 고객과 PoC를 진행하고, 대만은 네 개사와 계약을 맺고 현지 사업을 추진 중이다. 일본이나 중국, 대만 기업들은 즉각 활용할 수 있는 제품을 원하고, 이 수요를 빠르게 맞춰야 한다”라고 설명했다.
</p>
<p>
 <figure>
  <img alt=""김성모 상무가 지난 4월 일본에서 개최된 ‘재팬 IT 위크 2025(춘계)’행사에서 현지 파트너사와 함께 인바운드 마케팅을 진행했을 당시 / 출처=모빌린트"" src=""https://it.donga.com/media/__sized__/images/2025/5/16/8a5c3127a7b14da7-thumbnail-1920x1080-70.jpg"" />
  <figcaption>
   김성모 상무가 지난 4월 일본에서 개최된 ‘재팬 IT 위크 2025(춘계)’행사에서 현지 파트너사와 함께 인바운드 마케팅을 진행했을 당시 / 출처=모빌린트
  </figcaption>
 </figure>
</p>
<p>
 김성모 상무는 일본이나 대만 파트너와 직접 행동한다. 김성모 상무는 “현지에서 전시회를 하면 현지 채널에 맡긴다. 일본의 경우 두 개 채널이 하루씩 맡아서 하고, 엔지니어나 프로젝트 매니저, 영업 담당이 팀이 되어 움직인다. 대만 역시 현지 채널이 프로젝트를 맡고, 채널에서 고객을 데려오면 그쪽에 전담한다. 공동 운영을 통해 소속감을 공고히 하고, 마케팅 측면에서는 현지인과 현지 기업이 이를 담당하므로 적응력도 높다”고 했다.
</p>
<p>
 <figure>
  <img alt=""이정승 모빌린트 수석 알고리즘 총괄 엔지니어가 파트너사를 대상으로 기술 세미나를 진행 중이다 / 출처=모빌린트"" src=""https://it.donga.com/media/__sized__/images/2025/5/16/2ec2a2a05a1e49d9-thumbnail-1920x1080-70.jpg"" />
  <figcaption>
   이정승 모빌린트 수석 알고리즘 총괄 엔지니어가 파트너사를 대상으로 기술 세미나를 진행 중이다 / 출처=모빌린트
  </figcaption>
 </figure>
</p>
<p>
 신규 고객에 대해서는 어떻게 도입 절차가 이뤄질까? 김성모 상무는 “우선 고객과 상담하고, 고객 기업의 2년 간의 행보를 바탕으로 진행 가능성을 협의한다. 유의미한 결과가 나오면 도입 여부를 판단한 뒤 제안요청서를 전달한다. 이 과정에서 우리 제품의 정보를 전달하고, 기술적 사양이나 상대방의 필요를 확인한다”라면서, “제안이 맞으면 그 다음 PoC 제안서를 통해 성능검증 과정을 구축한다. 에리스의 경우 두 달에서 최대 다섯 달까지 잡고, 레귤러스는 기본 호환성까지 모두 설정해야 해 6개월에서 1년까지 내다본다”라고 말했다.
</p>
<h3>
 B2B, B2G도 쉽지 않은 시장, 300개 모델 지원 SDK로 승부수
</h3>
<p>
 제품 도입이 확정된 단계라고는 해도, 아직까지 NPU 생태계 자체의 한계는 분명하다. 김성모 상무는 실무진보다, 경영진 수준에서의 도입에 초점을 맞춘다. 김성모 상무는 “엔비디아 GPU가 독점인 시장이다 보니 실무자가 NPU를 자발적으로 채용할 이유가 없다. 기술적으로 가능해도 시간이나 비용 등의 문제로 NPU를 쓰기 힘든 게 현실이다. 그래서 영업이나 실무진보다는 경영진, 연구소장 등 의사결정권자를 만난다. 톱다운 방식으로 의사 결정이 내려지면 상대적으로 NPU 도입 과정도 원활하다”라고 말했다.
</p>
<p>
 <figure>
  <img alt=""모빌린트는 자체 개발한 모빌린트qb(큐비) SDK를 제공해 고객사의 원활한 NPU 도입을 지원한다 / 출처=모빌린트"" src=""https://it.donga.com/media/__sized__/images/2025/5/16/ed4b6eebfd3841b6-thumbnail-1920x1080-70.jpg"" />
  <figcaption>
   모빌린트는 자체 개발한 모빌린트qb(큐비) SDK를 제공해 고객사의 원활한 NPU 도입을 지원한다 / 출처=모빌린트
  </figcaption>
 </figure>
</p>
<p>
 또한 NPU로 서비스를 만드는데 필요한 소프트웨어 개발 도구(SDK)의 완성도를 높여 고객사가 원활하게 쓸 수 있도록 초점을 맞춘다. 김성모 상무는 “SDK는 얼마나 사용자가 쉽게 쓸 수 있는가가 중요하지만, 잘 확인하지 않는 편이다. NPU 도입이 확정되면 해당 기업을 찾아 기술 활용 세미나를 열고, 앞으로 쓸 모델 구조나 적용 예상 AI 등을 제공한다. 이미 300개 이상의 딥러닝 모델, 고객사 모델, LLM 등이 구축돼 있어서 사용자가 직접 경량화까지 할 수 있는 단계”라고 말했다.
</p>
<p>
 특정 기업이 필요로 하는 모델이 있고, 개발력이 많이 투입되어야 한다면 고객 비즈니스와 의지, 가능성을 면밀하게 살펴보고 최적화를 돕는다. 모빌린트는 2013년부터 KAIST 반도체 시스템 랩에서 AI 반도체와 딥러닝 기술을 개발로 기술력을 쌓아왔고, 2019년 창업 시점부터도 계속 노하우를 쌓아 지금은 대다수 환경에 무리없이 도입할 수 있다고 한다. 물론 ‘새롭고 우수한 모델들이 쏟아져 나오는데, 어떻게 이를 잘 지원하는가에 NPU의 성패가 달렸다’라는 단서도 달렸다.
</p>
<h3>
 “공급망 관리에 1년, 고객이 무너지는 건 이틀··· 품질제일주의 추구”
</h3>
<p>
 <figure>
  <img alt=""김성모 상무는 안정적인 공급망 구축과 고객 신뢰 확보를 통해 올해와 내년에 실질적인 매출을 올리겠다고 답했다 / 출처=IT동아"" src=""https://it.donga.com/media/__sized__/images/2025/5/16/b2d2f13f07e34cef-thumbnail-1920x1080-70.jpg"" />
  <figcaption>
   김성모 상무는 안정적인 공급망 구축과 고객 신뢰 확보를 통해 올해와 내년에 실질적인 매출을 올리겠다고 답했다 / 출처=IT동아
  </figcaption>
 </figure>
</p>
<p>
 김성모 상무가 가장 고심하고, 심혈을 기울이는 부분은 공급망 관리다. 김성모 상무는 “고객에게 납품하기까지 1년이 걸려도, 고객이 무너지는 건 이틀이다. 제품 품질이나 생산 상의 문제에 어떻게 대처하는지가 신뢰를 결정한다. 모빌린트는 공급망 부문에서 제품 반송 수리(RMA) 대행 체제를 구축했고, 직거래 고객을 위주로 주간 생산 현황 점검 및 월별 화상회의 등을 통해 목소리를 듣는다. 분기별로도 질의응답을 거치며 생산 상황 모니터링 등을 제공하고 있다”라고 설명했다.
</p>
<p>
 마지막으로 “우리는 더 많은 기회를 포착해 올해 50억 원 이상 매출을 목표로 하며, 이 접점을 맞춘다면 내년이나 후 내년까지의 성장 동력도 충분할 것으로 본다. 모빌린트에 있어 올해는 가장 중요한 해며, 고객과 한 팀이 되어 동반 성장할 수 있도록 노력하겠다”라는 뜻을 밝혔다.
</p>
<p>
 AI 반도체 기업은 제품 특성상 해외 진출이 필수다. 국내 수요는 제한적인 반면, AI 반도체 활용에는 국경이 없기 때문이다. 하지만 제품을 팔고 유통하는 과정은 현지의 방법이 필요하고, 이를 잘 이해하고 대처하는 전략이 필요하다. 모빌린트는 해외 진출 전략에 일가견이 있는 김성모 상무를 통해 다각적인 유통 채널을 확보하고, 이를 토대로 현지화와 제품 경쟁력 두 가지 이점을 모두 살리고 있다. 2025년이 모빌린트의 해가 되길 기대해본다.
</p>
<p>
 IT동아 남시현 기자 (sh@itdonga.com)
</p>",2025-05-16T09:56:22+09:00,AI,2025-05-19T21:54:50.985385+09:00
[포토] 2025 AI EXPO KOREA(국제인공지능대전) 현장... ‘리더스시스템즈',https://www.aitimes.kr/news/articleView.html?idxno=34961,aitimes,,2025-05-16T07:24:26+09:00,AI,2025-05-19T21:54:43.781772+09:00
"엔유엘, AI EXPO KOREA 2025서 OUSTER 라이다 기반 AI 융합 기술 현장 시연",https://www.aitimes.kr/news/articleView.html?idxno=34960,aitimes,"인공지능과 센서 기술 융합을 선도하는 주식회사 엔유엘(대표 김홍제) 서울 삼성동 코엑스 1층 A홀 전관에서 개최되고 있는 ‘제8회 국제인공지능대전(AI EXPO KOREA 2025)’에 참가해, OUSTER 디지털 라이다 센서를 중심으로 한 첨단 기술을 현장에서 선보였다. 행사는 16일(금)까지 진행된다.엔유엘은 전시 기간 동안 OUSTER 라이다 기반의 실시간 3D 포인트 클라우드 데이터 시연과 함께 AI 객체 인식 소프트웨어의 실제 동작 모습을 공개하며, 관람객에게 라이다 기술의 AI 응용 가능성을 직접 체험할 기회를 제공하고",2025-05-16T05:58:18+09:00,AI,2025-05-19T21:54:43.787771+09:00
"KB금융, 금융권 최초의 에이전틱 AI 기반 그룹 공동 생성형 AI 플랫폼 'KB GenAI 포털' 오픈",https://www.aitimes.kr/news/articleView.html?idxno=34959,aitimes,"KB금융그룹(회장 양종희)이 임직원의 일하는 방식과 금융서비스의 혁신을 주도하고자 전 금융권 최초로 ‘에이전틱 AI(Agentic AI)’ 기반의 인공지능 활용 환경을 제공하는 '그룹 공동 생성형 AI 플랫폼(이하, KB GenAI 포털)'을 15일 오픈했다.KB GenAI 포털은 KB금융지주와 8개 계열사(KB국민은행, KB증권, KB손해보험, KB국민카드, KB라이프생명, KB자산운용, KB캐피탈, KB저축은행)가 협업하여, 영업 현장과 고객의 다양한 요구에 대응할 수 있는 인공지능 에이전트(AI Agent, 자율적으로 목표를",2025-05-16T05:45:58+09:00,AI,2025-05-19T21:54:43.799761+09:00
"FM, 인공지능·클라우드 데이터센터 관련 리스크 대응 지원하는 ‘인텔리움(Intellium)’ 프로그램",https://www.aitimes.kr/news/articleView.html?idxno=34958,aitimes,"세계 최대의 재물보험사 중 하나인 FM이 ‘FM 인텔리움 프로그램(FM Intellium program)’을 출시하고 데이터센터 과부하와 전력 수요 증가 리스크에 대응하겠다고 15일 밝혔다. 인텔리움 프로그램은 인공지능(AI)과 클라우드 컴퓨팅의 급격한 확산으로 인해 변화하는 데이터센터 및 전력 리스크에 직면한 고객들을 지원하는 것을 목표로 한다.최근 AI를 비롯한 고성능 컴퓨팅 기반 기술의 발전과 확산으로 데이터센터를 포함한 인프라 개발이 급격히 증가하고 있으며, 전력 수요 또한 지속적으로 증가하는 추세다. 이에 대해 시장조사기관",2025-05-16T05:31:10+09:00,AI,2025-05-19T21:54:43.802759+09:00
"네이버, 헬스케어 사업 강화 위한 '테크비즈니스'부문 신설...최인혁 대표 내정",https://www.aitimes.kr/news/articleView.html?idxno=34957,aitimes,"네이버(대표 최수연)는 인도, 스페인 등 새로운 시장을 개척하고 헬스케어 사업의 경쟁력 강화를 위해 CEO 직속으로 ‘테크비즈니스’ 부문을 19일 신설하고 이 부문을 이끌 수장으로 초대 대표로 최인혁 전 네이버 최고운영책임자(COO)를 내정했다고 15일 밝혔다.‘테크비즈니스’ 부문은 성장 가능성이 높지만 네이버가 그간 집중하지 못했던 인도, 스페인 등의 지역에서 기술과 비즈니스의 결합을 통한 새로운 사업 기회를 모색하고, 헬스케어 분야에 인공지능(AI) 기술 접목 및 전략적 기술투자 등을 통한 사업 성장을 도모하는 것을 목표로 한다",2025-05-16T05:22:14+09:00,AI,2025-05-19T21:54:43.803760+09:00
[포토] 2025 AI EXPO KOREA(국제인공지능대전) 현장... ‘페르소나AI’,https://www.aitimes.kr/news/articleView.html?idxno=34955,aitimes,,2025-05-15T23:57:30+09:00,AI,2025-05-19T21:54:43.804759+09:00
[포토] 2025 AI EXPO KOREA(국제인공지능대전) 현장... ‘비아이매트릭스’,https://www.aitimes.kr/news/articleView.html?idxno=34954,aitimes,,2025-05-15T23:52:31+09:00,AI,2025-05-19T21:54:43.805758+09:00
[포토] 2025 AI EXPO KOREA(국제인공지능대전) 현장... ‘사이냅소프트’,https://www.aitimes.kr/news/articleView.html?idxno=34953,aitimes,,2025-05-15T23:38:58+09:00,AI,2025-05-19T21:54:43.806758+09:00
[포토] 2025 AI EXPO KOREA(국제인공지능대전) 현장... ‘FUNZIN’,https://www.aitimes.kr/news/articleView.html?idxno=34952,aitimes,,2025-05-15T23:29:51+09:00,AI,2025-05-19T21:54:43.806758+09:00
[포토] 2025 AI EXPO KOREA(국제인공지능대전) 현장... ‘마음AI’,https://www.aitimes.kr/news/articleView.html?idxno=34951,aitimes,,2025-05-15T22:23:50+09:00,AI,2025-05-19T21:54:43.808756+09:00
[포토] 2025 AI EXPO KOREA(국제인공지능대전) 현장... ‘슈퍼마이크로’,https://www.aitimes.kr/news/articleView.html?idxno=34950,aitimes,,2025-05-15T22:12:19+09:00,AI,2025-05-19T21:54:43.815753+09:00
"텐스토렌트, AI EXPO KOREA 2025서 전 제품 라인업 공개… 이슬림코리아와 함께 국내 AI 시장 공략",https://www.aitimes.kr/news/articleView.html?idxno=34949,aitimes,"AI 반도체 기업 텐스토렌트(Tenstorrent)가 15일 AI EXPO KOREA 2025에 참가하여 자사의 전 제품 라인업을 공개해 관람객들의 이목을 집중시켰다. 텐스토렌트의 공식 한국 총판이자 전략적 파트너인 이슬림코리아는 이날 웜홀(Wormhole) 카드, 블랙홀(Blackhole) 카드, 라우드박스(Loudbox) 워크스테이션, 콰이어트박스(Quietbox) 수냉 워크스테이션, 그리고 웜홀 칩 32개로 구성된 갤럭시(Galaxy) 시스템까지 텐스토렌트의 전 라인업을 전시하며 높은 관심을 받았다.이와 함께 이슬림코리아는 텐",2025-05-15T21:53:38+09:00,AI,2025-05-19T21:54:43.817752+09:00
"나라원시스템, ‘AI EXPO KOREA 2025’서 통합형 업무용 AI 솔루션 ‘AI 프로’ 소개",https://www.aitimes.kr/news/articleView.html?idxno=34948,aitimes,"국내 IT 전문기업 ㈜나라원시스템(대표 심재춘)은 서울 삼성동 코엑스에서 개막한 ‘제8회 국제인공지능대전(AI EXPO KOREA 2025)’에 참가해 통합형 업무용 AI 솔루션 ‘AI 프로(AI Pro)’를 선보이며 관람객과 업계 관계자들로부터 큰 주목을 받고 있다고 15일 밝혔다.올해로 8회째를 맞은 AI EXPO는 단일 인공지능 행사로 아시아 최대 규모를 자랑하며, 나라원시스템은 전시장 A홀 내 자사 부스에서 AI 프로의 다양한 실무용 AI 기능을 직접 시연하고, 1년 무료 체험 기회를 제공하는 이벤트를 함께 진행하고 있다.전",2025-05-15T21:39:10+09:00,AI,2025-05-19T21:54:43.818750+09:00
인포플라 “온∙오프라인 망라한 업무 자동화 AI 에이전트 선보일 것”,https://it.donga.com/106952/,itdonga,"<p>
 [IT동아 김영우 기자] 글로벌 클라우드 시장의 강자인 AWS(아마존웹서비스)가 5월 14일에서 15일까지의 일정으로 서울 코엑스에서 ‘AWS 서밋 서울 2025’를 개최했다. 국내 최대 규모의 클라우드 행사인 이번 AWS 서밋 서울에서는 AWS의 클라우드 및 AI 관련 비전이 다수 소개되었다.
</p>
<p>
 이와 더불어 AWS의 파트너사들이 자사의 기술 및 제품을 소개하는 세션도 마련되었는데, AI 기반 업무 자동화 솔루션 전문 기업인 ‘인포플라(InfoFla)’의 세션도 그 중의 하나다.
</p>
<p>
 <figure>
  <img alt=""최인묵 인포플라 대표 / 출처=IT동아"" src=""https://it.donga.com/media/__sized__/images/2025/5/15/c1afcc2d95b54710-thumbnail-1920x1080-70.jpg"" />
  <figcaption>
   최인묵 인포플라 대표 / 출처=IT동아
  </figcaption>
 </figure>
</p>
<p>
 인포플라의 최인묵 대표는 AI를 통해 기존 업무 자동화 솔루션의 한계를 극복해야 한다고 강조했다. 기존에도 반복 업무를 자동화하는 몇몇 RPA(Robotic Process Automation) 솔루션이 있었지만, 이런 솔루션은 딱 정해진 패턴만 기계적으로 수행할 뿐, 각종 돌발상황에 취약했다.
</p>
<p>
 이를테면 웹사이트 관리에 기존 자동화 솔루션을 도입한 경우, 팝업 창이 뜨거나 기존 창의 위치가 바뀌는 정도의 상황만 벌어져도 자동화 기능이 오류를 일으키며 정지하곤 했다.
</p>
<p>
 <figure>
  <img alt=""인포플라에서 소개한 자동화 기술의 진화 / 출처=IT동아"" src=""https://it.donga.com/media/__sized__/images/2025/5/15/b91cddfaf64040a6-thumbnail-1920x1080-70.jpg"" />
  <figcaption>
   인포플라에서 소개한 자동화 기술의 진화 / 출처=IT동아
  </figcaption>
 </figure>
</p>
<p>
 이를 극복하기 위한 LLM(대형언어모델) 기반 에이전트가 있었지만 이 역시 주로 텍스트 중심의 웹페이지 자동화에만 적용할 수 있다는 단점이 있었다. 인포플라는 이런 문제를 해결하기 위한 비전 AI 기반 에이전트인 ‘VLAgent’, 그리고 로보틱스 파운데이션 모델인 ‘FLAR’를 함께 소개했다.
</p>
<p>
 특히 VLAgent의 경우, 자연어와 입력과 더불어 화면에 표시되는 모든 정보(이미지)를 입력 방식으로 삼을 수 있다. 예를 들어 PC 사용자가 “건대입구역에서 강남역까지의 교통편을 알려줘”라는 명령어를 입력한다면 VLAgent는 마우스와 키보드를 자동 제어하며 ‘크롬’ 웹 브라우저를 열고, ‘네이버 지도’와 같은 지도 서비스를 검색해서 불러온 후, 출발지와 도착지에 각각 ‘건대입구’, ‘강남역’을 각각 입력해서 사용자가 원하는 결과물을 표시할 수 있다. 만약 기존 RPA라면 이러한 작업 도중에 팝업창 하나만 떠도 작업이 중단되지만, VLAgent는 이런 팝업창을 자동으로 닫은 후 작업을 이어갈 수 있다.
</p>
<p>
 <figure>
  <img alt=""VLAgent 기반 업무 자동화의 원리 / 출처=IT동아 "" src=""https://it.donga.com/media/__sized__/images/2025/5/15/ef6f76e4de8b44e1-thumbnail-1920x1080-70.jpg"" />
  <figcaption>
   VLAgent 기반 업무 자동화의 원리 / 출처=IT동아
  </figcaption>
 </figure>
</p>
<p>
 적용 및 이용이 간편한 점 역시 VLAgent의 강점이라고 최인묵 대표는 강조했다. 이는 오픈소스 모델을 적용해 개발한 솔루션으로, 클라우드 환경 뿐만 아니라 외부 연결이 차단된 폐쇄망에도 적용해 업무 자동화를 할 수 있다. 또한, 전문지식이 없는 사용자라도 ‘레코드(record)’ 버튼을 누르고 본인이 평상시에 하는 업무를 한 후 ‘저장’을 누르는 것 만으로 AI를 학습시킬 수 있다.
</p>
<p>
 이날 인포플라는 온라인을 넘어 오프라인의 로봇까지 비전 AI를 통해 자동화하는 ‘FLAR’도 곧 선보일 것이라고 밝혔다. 이를 활용하면 한층 광범위한 업무 자동화가 가능하다. 유통업체에 이를 적용할 경우, 판매 시간이 종료한 후, 내일 판매할 제품을 AI가 미리 분석해 로봇이 이를 준비해 두도록 할 수 있다. 인포플라는 한국전자통신연구원(ETRI), 그리고 뉴욕 스토니브룩 대학과 공동 연구 중이며, 내년 안으로 개발을 완료할 것이라고 밝혔다.
</p>
<p>
 <figure>
  <img alt=""인포플라는 온라인을 넘어 오프라인까지 망라한 업무 자동화 기술을 개발하고 있다 / 출처=IT동아"" src=""https://it.donga.com/media/__sized__/images/2025/5/15/562a1dd289e14ade-thumbnail-1920x1080-70.jpg"" />
  <figcaption>
   인포플라는 온라인을 넘어 오프라인까지 망라한 업무 자동화 기술을 개발하고 있다 / 출처=IT동아
  </figcaption>
 </figure>
</p>
<p>
 VLAgent를 비롯한 인포플라의 솔루션은 행정안전부 및 일본의 모 지방자치단체, 그리고 ‘다이소몰’ 등에 적용되어 실증을 거친 바 있다. 특히 행정안전부를 비롯한 정부 기관의 경우, 최근 국가에서 추진하고 있는 ‘대한민국 정부 디자인 시스템 KRDS(공공 사이트 디자인 표준화 정책)에 발 맞추기 위해 수 천개 이상의 공공 사이트를 점검해야 한다. 이런 대규모 반복작업에서 인포플라의 자동화 솔루션이 큰 성과를 내고 있다고 최인묵 대표는 강조했다.
</p>
<p>
 이와 더불어 인포플라는 현재 해외 진출을 위해 미국 지사의 설립을 진행하고 있다. 이러한 글로벌 서비스 확대를 위해 AWS와 긴밀하게 협력하고 있다고 최인묵 대표는 밝혔다.
</p>
<p>
 IT동아 김영우 기자 (pengo@itdonga.com)
</p>",2025-05-15T18:50:18+09:00,AI,2025-05-19T21:54:50.987383+09:00
"“밤에 켜진 모니터 더 자연스럽게 보여준다” 벤큐, 스크린바 헤일로 2 출시",https://it.donga.com/106951/,itdonga,"<p>
 <figure>
  <img alt=""벤큐가 모니터 조명 신제품 '스크린바 헤일로 2'를 공개했다 / 출처=IT동아"" src=""https://it.donga.com/media/__sized__/images/2025/5/15/ce864fa8de5840fb-thumbnail-1920x1080-70.jpg"" />
  <figcaption>
   벤큐가 모니터 조명 신제품 '스크린바 헤일로 2'를 공개했다 / 출처=IT동아
  </figcaption>
 </figure>
</p>
<p>
 [IT동아 강형석 기자] 2025년 5월 15일, 벤큐는 더링크 서울 트리뷰트포트폴리오 호텔에서 신제품 출시 간담회를 개최, 모니터 조명 신제품 ‘스크린바 헤일로(ScreenBar Halo) 2’를 공개했다. 2024년 공개한 스크린바 헤일로의 후속 제품으로 조명 출력 향상 및 제품 사용성을 개선하며 완성도를 높였다.
</p>
<p>
 소윤석 벤큐코리아 지사장은 “사람들은 업무, 학업에 집중하는 과정에서 많은 디지털 매체를 접한다. 대부분 모니터를 활용하는데, 사용 중 눈에 많은 부담을 준다. 우리는 눈에 관심을 가져야 된다. 벤큐는 아이케어(Eye-Care) 브랜드로 2011년부터 지금까지 눈에 대한 많은 연구를 진행 중이다. 스크린바 헤일로 2는 아이케어와 디자인을 합친 최초이자 최고의 제품이라 자부한다”고 말했다.
</p>
<p>
 <figure>
  <img alt=""제이씨 판(JC Pan) 벤큐 조명사업부 총괄 이사 / 출처=IT동아"" src=""https://it.donga.com/media/__sized__/images/2025/5/15/8c81cd43a2254a0b-thumbnail-1920x1080-70.jpg"" />
  <figcaption>
   제이씨 판(JC Pan) 벤큐 조명사업부 총괄 이사 / 출처=IT동아
  </figcaption>
 </figure>
</p>
<p>
 제이씨 판(JC Pan) 벤큐 조명사업부 총괄 이사는 “조명은 레드오션이지만, 우리는 생각을 전환하며 돌파구를 찾았다. 과거에는 조명 하나로 독서, 근무, 인테리어 등에 썼다. 처음 조명은 문서를 읽기 위해 고안된 장비다. 대다수 사람들은 모니터 화면 앞에서 작업하고 있다. 벤큐는 조명의 변화 필요하다 느꼈고, 다양한 분석을 통해 새로운 조명 제품군을 선보이고 있다”고 말했다.
</p>
<h3>
 모니터 조명은 무엇인가요?
</h3>
<p>
 모니터 조명은 PC 모니터 위에 달아 주변만 밝게 해주는 장치다. 빛은 필요하지만 방 전체를 환하게 밝히기 부담스러울 때 쓴다. 모니터만 켜고 쓸 경우 눈에 부담을 주기에 전체가 아닌 일부 공간만 부드럽게 밝혀주는 것이다. 책상 위에 스탠드를 놓고 써도 되지만, 모니터 전면에 반사 패널이 있으면 난반사에 의해 시청 시 거슬린다. 눈에도 부담을 줄 가능성이 높다. 반면, 모니터 조명은 모니터 앞 바닥 영역만 집중적으로 비추기 때문에 모니터 화면에 집중할 수 있다.
</p>
<p>
 <figure>
  <img alt=""모니터 조명은 일반 조명과 달리 모니터 앞만 밝혀 야간 모니터 시인성을 개선한다 / 출처=벤큐"" src=""https://it.donga.com/media/__sized__/images/2025/5/15/d807913387b64428-thumbnail-1920x1080-70.jpg"" />
  <figcaption>
   모니터 조명은 일반 조명과 달리 모니터 앞만 밝혀 야간 모니터 시인성을 개선한다 / 출처=벤큐
  </figcaption>
 </figure>
</p>
<p>
 가격비교 사이트 다나와에 등록된 모니터 조명은 25개 제조사 44종에 달한다. 가격대도 1만 원부터 20만 원대까지 다양하다. 제이씨 판 이사는 “벤큐는 제품 설계 과정에서 광선 추적 시뮬레이션을 활용해 효과적인 빛 분포를 고민한다. 다른 일반 모니터 조명과 빛이 퍼지는 각도와 출력 등에서 차이를 보인다”고 강조했다.
</p>
<p>
 대만 내 대학들과 협력해 의학ㆍ과학적 고도화도 진행 중이다. 국립 대만대학교 의과대학과 근시, 인공 조명 분야 연구를 시작으로 국립중앙대학교 광학 및 광전자학과와는 광분포와 집중도의 상관관계를 연구한다. 국립 대만과학기술대학교와는 역광 보정을 통한 시각적 편안함을 찾는 연구를 진행 중이다.
</p>
<h3>
 스크린바 헤일로 2는 무엇이 달라졌나?
</h3>
<p>
 스크린바 헤일로 2는 이전 제품과 비교해 어떤 부분이 달라졌을까? 먼저 후면부 헤일로 라이트 발광부가 원형에서 사각으로 변경됐다. 모니터 뒤쪽을 자연스레 비출 수 있게 LED 제어 영역을 3구역으로 나눴다. 실내 조도(밝기)에 맞춰 출력 제어 장치가 LED 출력을 제어한다. 이상현 벤큐코리아 팀장은 “스크린바 헤일로 2의 출력은 1100럭스(lux)로 1세대의 740럭스 보다 밝기 때문에 화면 시청에 따른 눈의 피로도를 낮추고 집중도를 높여줄 것”이라고 말했다. 럭스는 밝기 단위로 1럭스는 1㎡ 당 1루멘(양초 1개의 빛)의 빛이 균일하게 닿는 것을 기준으로 한다.
</p>
<p>
 <figure>
  <img alt=""벤큐 스크린바 헤일로 2를 모니터에 장착한 모습 / 출처=IT동아"" src=""https://it.donga.com/media/__sized__/images/2025/5/15/18e8490f019944d0-thumbnail-1920x1080-70.jpg"" />
  <figcaption>
   벤큐 스크린바 헤일로 2를 모니터에 장착한 모습 / 출처=IT동아
  </figcaption>
 </figure>
</p>
<p>
 전면부 광원에도 힘을 실었다. 1세대는 광량을 30%에서 100% 사이에서 조절할 수 있었지만, 스크린바 헤일로 2는 10%에서 100% 사이에서 조절 가능하다. 반도체를 사용해 빛을 내는 LED 조명이기 때문에 밝기를 낮추면 광원이 깜박거리는 플리커 현상이 발생한다. 벤큐는 LED 출력 제어 장치를 활용해 플리커 현상 없이 광량 조절을 지원한다.
</p>
<p>
 <figure>
  <img alt=""자연에 가까운 파장을 방출하는 풀 스펙트럼 LED를 장착했다. 따뜻한 색상 LED 소자와 차가운 색상 LED 소자를 교차 집적한 점도 특징이다 / 출처=IT동아"" src=""https://it.donga.com/media/__sized__/images/2025/5/15/fd51188efef4476e-thumbnail-1920x1080-70.jpg"" />
  <figcaption>
   자연에 가까운 파장을 방출하는 풀 스펙트럼 LED를 장착했다. 따뜻한 색상 LED 소자와 차가운 색상 LED 소자를 교차 집적한 점도 특징이다 / 출처=IT동아
  </figcaption>
 </figure>
</p>
<p>
 조명 장치이기에 눈에 피로감을 최소화하는 요소를 담았다. 자연에 가까운 파장을 갖춘 풀 스펙트럼(Full Spectrum) LED 모듈을 채택한 것이다. LED 소자는 브리지럭스(Bridgelux)사 제품을 쓴다. 스크린바 헤일로 2는 따뜻한 색을 출력하는 LED 소자와 차가운 색을 출력하는 LED 소자를 교차 배치했다. 색온도 설정에 따라 각 모듈이 발광하는 구조다. 모듈 하나로 모든 색온도를 조절하는 것보다 각 모듈을 제어하는 게 전력 효율성과 수명 등에서 유리한 면이 있다. 성능도 뛰어나다 벤큐는 색상 충실도(RF) 96 이상, 색 재현 범위(RG) ±2 이내를 구현, 국제조명위원회(CIE) 기준을 상회하는 성능을 제공한다.
</p>
<p>
 이상현 팀장은 “벤큐는 높은 색 재현도를 갖춘 모니터도 판매한다. 색과 빛을 다루는 브랜드로써 색에 영향을 주는 조명을 판매할 수 없다는 생각으로 스크린바 헤일로 2를 개발했다”고 말했다.
</p>
<p>
 <figure>
  <img alt=""2세대 비대칭 조명 방향 기술을 적용해 모니터 앞만 정확히 비춰준다 / 출처=IT동아"" src=""https://it.donga.com/media/__sized__/images/2025/5/15/46ffe135dc3d4ea1-thumbnail-1920x1080-70.jpg"" />
  <figcaption>
   2세대 비대칭 조명 방향 기술을 적용해 모니터 앞만 정확히 비춰준다 / 출처=IT동아
  </figcaption>
 </figure>
</p>
<p>
 비대칭 조명 방향 기술(Asym-metric Lighting Technology)은 모니터 앞을 자연스레 비추는 역할을 담당한다. 1세대 스크린바 헤일로에도 적용된 바 있지만, 2세대로 진화하면서 빛 전달 능력이 강화됐다. 2세대 비대칭 조명 방향 기술은 94.9%의 빛을 전면에 전달하고, 난반사는 0.7% 줄였다. 사용자 인식을 위한 초음파 센서도 달았다. 스크린바 헤일로 2 앞에 있으면 알아서 조명이 자동으로 켜지고, 자리를 비우면 꺼진다.
</p>
<p>
 <figure>
  <img alt=""무선 컨트롤러도 기존 배터리 교환식이 아닌 내장형으로 개선됐다. 1회 충전 시 최대 3개월 사용 가능하다 / 출처=IT동아"" src=""https://it.donga.com/media/__sized__/images/2025/5/15/f691ca0fc802440a-thumbnail-1920x1080-70.jpg"" />
  <figcaption>
   무선 컨트롤러도 기존 배터리 교환식이 아닌 내장형으로 개선됐다. 1회 충전 시 최대 3개월 사용 가능하다 / 출처=IT동아
  </figcaption>
 </figure>
</p>
<p>
 컨트롤러도 개선됐다. 1세대는 일반 배터리를 썼지만, 2세대는 충전식으로 바꿨다. 수시로 배터리를 교체하는 번거로움을 줄인 셈이다. 정보 제공 방식도 LED 방식에서 디스플레이 방식으로 변경됐다. 밝기, 색온도 등을 보여주며 기존 표시등 대비 직관적인 사용이 가능하다. 터치 반응도 빠르고 휠 다이얼도 부드럽게 회전해 세밀한 조작이 가능하다.
</p>
<p>
 호환성도 개선됐다. 기존에는 모니터 두께 1cm~3cm 사이를 지원했지만, 2세대는 0.43cm 두께의 초슬림 모니터부터 6cm 두께 모니터까지 대응한다. 화면에 곡률을 적용해 화면 집중도를 높인 커브드 모니터도 다양하게 호환한다. 제이씨 탄 이사는 “곡률 1000R부터 1800R에 달하는 커브드 모니터와 호환하도록 설계했다”고 말했다.
</p>
<h3>
 벤큐는 어떤 소비자를 겨냥했나
</h3>
<p>
 스크린바 헤일로 2는 2025년 6월 9일에 출시되며 가격은 27만 9000원에 책정됐다. 1세대 대비 약 3만 원 가량 가격 인상이 있다는 게 벤큐코리아 측 설명이다. 가격이 다소 높다는 인상을 주지만, 향상된 광량과 사용성 개선 등 달라진 점이 뚜렷하기 때문에 시장 경쟁력은 충분하다는 입장이다.
</p>
<p>
 <figure>
  <img alt=""야간에 모니터 사용이 많은 소비자라면 매력적인 제품이다 / 출처=IT동아"" src=""https://it.donga.com/media/__sized__/images/2025/5/15/f9d0f436bd454fd4-thumbnail-1920x1080-70.jpg"" />
  <figcaption>
   야간에 모니터 사용이 많은 소비자라면 매력적인 제품이다 / 출처=IT동아
  </figcaption>
 </figure>
</p>
<p>
 모니터 조명이 처음이라면 스크린바 헤일로 2가 매력적이겠지만, 기존 모니터 조명을 사용하는 소비자는 높은 가격이 걸림돌이 될 것으로 예상된다. 모니터 조명이 아닌 필립스 휴 또는 기타 간접 조명으로 실내를 꾸민 소비자도 접근하기에 부담으로 작용할 가능성이 높다. 모두 이중 지출이기 때문이다.
</p>
<p>
 스크린바 헤일로 2의 주 소비자는 야간에도 장시간 모니터를 보는 엔지니어, 사진영상 편집자, 게이머, 학생 등이다. 주변에 영향을 적게 주면서 PC를 쓰고 싶다면 구매 대상이다. 실내 조명을 켜지 않고 화면에 집중할 수 있기 때문이다. 제프리 량(Jeffery Liang) 벤큐 아시아태평양 총괄 사장은 “모니터를 쓰는 모든 소비자를 겨냥했다고 보면 된다. 특정한 환경을 위한 도구가 아니라 눈에 자극을 최소화하고 화면에 집중하도록 돕는 아이케어 장치이기 때문”이라고 말했다.
</p>
<p>
 IT동아 강형석 기자 (redbk@itdonga.com)
</p>",2025-05-15T18:09:17+09:00,AI,2025-05-19T21:54:50.988383+09:00
"엔비디아, 사우디 휴메인과 미래형 AI 팩토리 구축 위한 파트너십... 18000대 GB300 그레이스 블랙웰 AI 슈퍼컴퓨터 공급",https://www.aitimes.kr/news/articleView.html?idxno=34947,aitimes,"엔비디아(CEO 젠슨 황)가 사우디아라비아 공공투자기금(Public Investment Fund, PIF)이 설립한 AI 밸류체인 자회사 휴메인(HUMAIN)과 전략적 파트너십을 체결했다. 이번 협력은 차세대 인공지능(AI) 개발 촉진을 위한 중요한 이정표가 될 것으로 기대된다.양사는 엔비디아(NVIDIA)의 플랫폼과 전문성을 활용해 사우디아라비아를 AI, GPU 클라우드 컴퓨팅, 디지털 전환 분야의 글로벌 리더로 자리매김하고 전 세계의 혁신과 성장을 주도할 계획이다.이번 파트너십은 사우디아라비아를 국제적인 AI 강국으로 발전시키려",2025-05-15T18:05:42+09:00,AI,2025-05-19T21:54:43.819750+09:00
"AI 인프라 혁신기업 ‘아크릴’, 코스닥 상장예비심사 청구로 새로운 도약 준비",https://www.aitimes.kr/news/articleView.html?idxno=34946,aitimes,"인공지능(AI) 인프라 기술 혁신기업 아크릴(대표이사 박외진)이 한국거래소에 코스닥 상장예비심사 청구서를 제출했다고 15일 밝혔다. 상장 주관사는 신한투자증권이다.아크릴은 2011년 국내 최초 감성 컴퓨팅 기술을 상용화하며 출발한 이래, 자연어 처리(NLP) 기반 딥러닝 기술에서부터 최신 대규모 언어모델(LLM) 및 MLOps 기술까지 폭넓은 AI 인프라 역량을 갖춘 기업으로 성장했다.아크릴의 핵심 경쟁력은 고가의 GPU 자원을 효율적으로 활용하는 MLOps 기술력과 이를 통한 비용 효율성 및 기술 경쟁력의 확보에 있다. 특히, 자",2025-05-15T17:48:07+09:00,AI,2025-05-19T21:54:43.820753+09:00
"듀폰, 전자 부문 분사 기업 ‘큐니티(Qnity)’ 브랜드 아이덴티티 공개",https://www.aitimes.kr/news/articleView.html?idxno=34945,aitimes,"듀폰은 전자 사업 부문의 분사를 통해 설립될 예정인 독립 상장회사 큐니티(Qnity)의 브랜딩을 15일 공개했다. 순수 전자 소재 기업으로 출범하는 큐니티는 반도체 및 전자 산업 전반에 걸쳐 인공지능(AI), 첨단 컴퓨팅, 스마트 기술, 연결성을 실현하는 업계 최대 규모의 통합 솔루션 제공업체 중 하나로 자리매김할 예정이다.'Qnity'라는 명칭은 전하(charge)를 뜻하는 물리학 기호인 'Q'와 협력을 뜻하는 'Unity’에서 착안한 것으로, 회사의 기술력과 협업 정신을 담고 있다.듀폰 전자 사업 부문의 멕 밀러(Meg Mill",2025-05-15T17:38:26+09:00,AI,2025-05-19T21:54:43.822757+09:00
"UNIST-필라이즈,  생활 데이터를 기반으로 혈당 반응 예측하는 '혈당 예측 AI' 모델 개발",https://www.aitimes.kr/news/articleView.html?idxno=34944,aitimes,"인공지능(AI) 기반 건강관리 앱 필라이즈(대표 신인식)는 울산과학기술원(이하, UNIST) 임민혁 교수팀과 공동으로 생활 데이터 기반의 혈당 예측 모델 ‘가상 CGM(가상 연속혈당측정)’을 개발했다.이번 연구는 반복적인 일상 활동(식사, 수면, 운동 등)에서 발생하는 데이터를 활용해 혈당 반응을 예측하는 인공지능 모델을 구현한 것으로 기존 연속혈당측정기(CGM)와 병행하거나 CGM 사용이 일시적으로 어려운 상황에서 혈당 관리의 연속성을 유지하는 데 초점을 맞췄다.연구진은 양방향 순환신경망(Bi-LSTM) 기반 인코더–디코더 구조에",2025-05-15T17:28:40+09:00,AI,2025-05-19T21:54:43.822757+09:00
"환경부, 2025년 여름철 홍수대책 발표...인공지능, 디지털기술 활용해 미리 파악하고 더 빠르게 알린다",https://www.aitimes.kr/news/articleView.html?idxno=34939,aitimes,환경부(장관 김완섭)는 자연재난대책기간(5월 15일∼10월 15일)이 시작하는 5월 15일 올해 여름철 홍수피해 예방을 위한 ‘2025년 여름철 홍수대책’을 발표한다.최근 기후위기로 인한 강우의 유형 변화로 예측이 어려운 극한 호우가 빈번히 발생하고 있다. 이러한 강우 환경의 변화에 대응하기 위해서는 홍수 위험을 신속히 파악하고 일제히 알려 홍수 피해를 최소화하는 것이 중요하다. 이에 환경부는 여름철 홍수 대응 이행력 확보를 위해 여름철 홍수 대책을 마련하고 이를 추진한다.이번 대책은 ‘위험을 빠르게 인지하고 일제히 전파하여 민생,2025-05-15T06:04:59+09:00,AI,2025-05-19T21:54:43.835741+09:00
"에티버스, 국내 고객 네트워크에 딥엘의 강력하고 안전한 언어 AI 솔루션 제공",https://www.aitimes.kr/news/articleView.html?idxno=34937,aitimes,"글로벌 언어 인공지능(AI) 기업 딥엘(DeepL)이 통합 IT 솔루션 및 서비스 기업 에티버스(ETEVERS)과의 전략적 파트너십 체결을 14일 발표했다. 이번 협업은 에티버스의 디지털 전환 포트폴리오에 있어 인공지능 기반 솔루션 도입의 출발점으로, 에티버스는 자사 고객에게 딥엘의 정확하고 안전한 AI 번역 및 작문 솔루션을 제공하게 되었다. 한편 이미 전 세계 기업을 대상으로 실질적 성과와 신뢰도를 입증한 딥엘의 언어 AI 플랫폼은 향후 다국어 커뮤니케이션 향상, 업무 효율성 증대, 글로벌 성장 가속화 등에 걸쳐 에티버스 고객을",2025-05-15T05:11:28+09:00,AI,2025-05-19T21:54:43.846735+09:00
"클라이온, 전남이민외국인종합지원센터 AI 통역 솔루션 ‘LXHUB’ 도입",https://www.aitimes.kr/news/articleView.html?idxno=34936,aitimes,인공지능(AI) 클라우드 전문기업 클라이온(대표 박윤지)이 전남이민외국인종합지원센터(센터장 김일수)와 AI 통역 솔루션 ‘LXHUB’를 기반으로 한 외국인 상담지원 서비스 도입을 위해 업무협약(MOU)을 체결했다고 14일 밝혔다.이번 협약은 클라이온이 개발한 검색증강생성(RAG) 기반 통역 솔루션 ‘LXHUB(Linguistic Exchange Hub)’를 통해 전남 지역 외국인 주민의 언어 장벽을 해소하고 정보 접근성을 높이기 위한 목적이다. 이를 통해 외국인 주민의 원활한 행정 서비스 이용과 안정적인 지역사회 정착을 돕는다는 방,2025-05-15T05:05:55+09:00,AI,2025-05-19T21:54:43.848733+09:00
"디노티시아, AI EXPO Korea 2025서 ‘Mnemos(니모스)’ 첫 공개…개인용 LLM 디바이스 시대 연다",https://www.aitimes.kr/news/articleView.html?idxno=34935,aitimes,"장기기억 인공지능(AI) 및 반도체 통합 솔루션 전문기업 디노티시아 (Dnotitia Inc., 대표 정무경)가 5월 14일부터 16일까지 코엑스에서 열리는 ‘AI EXPO 2025’에 참가해, 데이터센터 없이도 고성능 LLM을 구동할 수 있는 개인용 AI 디바이스 ‘니모스(Mnemos)’를 처음 공개한다.‘기억의 신’을 뜻하는 니모스는 사용자가 별도의 서버나 클라우드 인프라 없이도 고성능 언어 모델을 로컬 환경에서 실시간으로 실행할 수 있도록 설계되어, 데이터가 외부로 전송되지 않아 개인정보 보호와 보안성 측면에서도 높은 수준을",2025-05-15T02:59:18+09:00,AI,2025-05-19T21:54:43.851733+09:00
"씨이랩, ‘AI 엑스포 코리아 2025’ 참가…Vision AI 기반 맞춤형 솔루션 선보여",https://www.aitimes.kr/news/articleView.html?idxno=34932,aitimes,"비전 AI 전문기업 씨이랩(대표 윤세혁·채정환)이 ‘국제인공지능대전(AI EXPO KOREA 2025)’에 참가해 최신 Vision AI 기반 영상 분석 솔루션과 디지털 트윈 기술력을 선보이며 관람객과 업계 관계자들의 큰 주목을 받았다고 14일 밝혔다.전시회 첫날부터 현장은 최신 Vision AI 기술을 직접 체험하고자 하는 관람객들로 북적였다. 특히 씨이랩 부스에 마련된 키오스크를 통해 위생복, 마스크, 헤어캡 착용 여부 등 다양한 위생관리 항목을 자동으로 점검하는 과정을 직접 경험해 볼 수 있어 많은 관람객의 관심을 끌었다.씨이",2025-05-15T02:11:20+09:00,AI,2025-05-19T21:54:43.862726+09:00
